1.07791,14.8931,55.2619,-80.768,1.8341,15.4981,25.8781,-16.6497,-15.0408,-8.91094,56.6303,-45.496,39.2869,-47.2759,-0.0596842,0.523303,21.2202,29.5426,-43.2011,15.6075,-1.66839,3.56619,-36.9702,28.1763,-9.56215,28.7032,-18.2832,36.4572,-56.4828,-1.65786,47.2702,-41.5978,-3.78709,27.5395,17.2918,-28.4243,13.3627,-24.0895,20.8789,-19.1712,18.8916,-25.8238,45.5647,-40.4338,41.0418,-36.7948,-1.14091,16.901,-13.4206,7.17066,18.2463,-31.6686,23.2935,-3.85356,-22.9145,15.955,10.6289,3.97829,-20.7337,3.04796,7.50207,-11.3442,14.4361,9.56077,
-49.1317,-5.79704,-2.75345,44.1617,-6.70206,8.24623,-40.0969,9.62481,22.1244,-25.3333,22.7776,-13.2881,-22.0912,50.2755,-8.86519,-34.354,44.7746,-45.3922,-2.59979,21.8037,4.19961,-3.94996,30.7376,-33.7291,-3.33469,-6.49455,-0.409458,11.137,2.79555,21.8859,-38.9005,38.8012,-33.174,9.48796,-8.91235,-0.757244,16.1794,6.42157,-13.9076,-4.98302,7.15676,8.17053,-5.08725,-3.31476,-6.74337,-15.2549,20.4496,17.3912,14.0205,-48.4735,6.86243,16.011,-12.4112,1.08767,23.1586,-2.2551,-23.1108,-28.1935,71.8218,-30.4376,-17.9975,22.0824,-19.6358,22.471,
-7.21028,6.91887,0.321521,3.44676,-50.2643,19.4789,51.0122,-19.723,-41.4321,44.6611,-8.4187,2.15844,-19.1046,-13.2674,32.3522,-16.3579,-0.210802,25.5242,-3.71346,-7.12359,-3.47134,-43.7218,23.051,21.9257,20.9715,-23.6732,9.81,-19.1392,-8.83497,29.9205,-46.1848,43.9107,-6.36216,-2.71096,6.82352,-12.6308,-11.1217,2.90129,39.4128,-27.8234,-12.8185,6.19146,-2.70587,21.6326,-29.4743,48.3901,-23.9329,-24.8291,-0.794463,18.9144,3.55177,-5.50957,19.8172,-29.1289,-0.333391,10.5977,16.9422,-19.0138,-13.6372,22.4566,-17.4909,19.9992,-6.43789,-11.2315,
2.59109,49.2999,-39.5798,-12.5506,52.8428,-25.2351,-26.6892,15.8529,-3.13675,25.2068,-58.9863,44.9754,19.1609,-15.0043,-13.0749,10.8433,-12.9765,-13.3371,7.26112,11.7293,-8.38031,47.7661,-13.3649,-29.9994,-41.3371,40.368,-3.67146,31.2281,-17.0584,-6.54952,12.8563,-19.9119,-1.99302,17.5368,-23.4263,27.7329,1.89685,-21.4934,-11.7777,13.9679,39.1834,-30.5592,-25.6332,31.5269,4.69318,-41.2037,27.2697,7.74206,-12.2883,23.8582,-20.6003,2.41497,-9.93674,9.03048,-4.52906,8.79537,-15.0875,27.2134,-19.6938,-9.12639,41.634,-37.7795,10.6727,-23.1882,
18.4131,-48.1491,-4.56731,24.7332,4.15795,-8.0167,-21.4207,41.6276,6.17028,-21.5925,2.59409,-18.293,-7.49559,28.4614,-19.8378,21.1943,-5.9113,4.37999,16.5474,-30.8022,6.55512,-16.5784,-18.7347,28.5359,52.3062,-21.2024,-22.7789,-23.2363,5.40803,20.2233,-4.49697,13.1342,-13.8002,-5.18304,4.50959,14.7495,-25.6989,34.4928,-22.9607,-0.247528,-30.9333,39.8168,16.8279,-22.8515,-24.3593,47.9834,-29.3488,-5.55779,29.7778,-28.6042,-2.99361,6.10603,4.41789,21.7916,-14.2008,-9.40332,-6.38702,15.0138,6.56646,-33.7283,19.4311,-5.30051,11.0034,22.6719,
4.99442,1.76619,44.4384,-20.7724,-15.201,19.8191,7.19587,-64.4856,25.8282,-0.471555,35.6996,6.94835,-23.8853,8.27686,-26.9032,10.9347,20.1119,-29.7244,1.35616,14.39,5.29397,1.20981,22.6999,-20.7439,-29.8664,-13.9487,33.8318,15.1665,2.3663,-15.0725,-0.201302,-23.905,44.2779,-17.4768,-5.09158,-2.88694,-15.7717,10.2505,24.4335,7.59766,-22.5831,-5.75918,11.8688,-35.1122,45.7149,-25.7446,11.7827,18.7005,-47.9078,32.2969,5.57289,-8.06494,0.471793,-21.7642,21.9915,-7.94257,10.0232,-21.5054,23.3883,14.0157,-23.9411,-1.78217,8.54352,-25.4167,
-15.3211,-7.84637,-7.45107,0.987157,-35.7951,17.947,30.727,34.5273,-4.08165,-75.5294,24.1227,1.58673,16.9901,-32.8501,35.6682,17.4533,-54.1029,46.1226,-14.3565,-1.79378,-18.8384,22.096,-19.0366,-14.9895,49.5831,-2.56981,-19.7441,0.0263485,8.25211,-29.6056,13.7763,23.4326,-28.7128,11.1685,2.96899,-2.87105,30.5305,-15.5298,-35.6824,-13.6095,58.6763,-29.5307,-7.07727,47.2634,-25.8245,-15.5003,7.43842,-17.2908,17.4427,2.88675,2.0343,3.86869,-17.6874,8.64375,-1.073,4.86779,6.2242,3.98429,-48.0729,41.0902,-12.4898,17.5639,-18.9899,22.2957,
5.6179,21.909,-0.809148,0.757318,37.3934,-37.3868,-12.58,-28.3938,-3.01862,82.3162,-23.0716,-41.786,16.5423,23.2123,5.46768,-46.7871,22.6882,-22.0289,27.3308,-2.30713,14.1681,-30.3838,16.328,26.8398,-39.4817,-10.6165,29.031,-17.5119,-5.82716,17.8612,31.3274,-30.6107,-20.534,17.6233,9.64452,-20.7746,0.067736,-9.1922,29.8452,19.1643,-22.429,-8.62253,-2.0995,-13.9788,4.36585,18.9054,-13.2975,33.2517,-1.45222,-43.0299,6.98607,-0.300444,19.4928,-0.382905,3.159,-16.4851,-2.13439,-0.189203,24.5369,-6.83312,-10.5043,-12.4433,19.2905,-2.8091,
-1.55073,-13.5747,-28.3846,15.9507,-2.84728,31.6335,-27.4225,26.0804,-26.4368,21.2073,-23.6878,22.4766,0.133501,-34.3582,14.7146,-15.95,45.2881,24.5064,-61.2864,13.1836,-13.8833,30.5875,-33.064,23.4091,-19.8947,39.2003,-12.754,-25.9554,28.5212,-1.02258,-32.2032,-10.8857,52.0285,-25.711,21.3322,-26.8651,20.8385,-2.93663,-2.58756,-21.6275,-20.4673,50.3868,3.99993,-16.5052,18.7084,-27.1382,12.2554,-31.5244,17.7597,6.72788,20.9239,-1.23786,-24.0701,8.33752,-28.4408,29.9933,11.991,-13.725,2.09635,-22.2546,12.2604,30.7708,-24.004,-15.6287,
18.6923,-17.1641,42.7405,-37.033,9.41831,-18.9033,26.2387,3.06723,6.46223,-47.214,19.0795,5.00119,-0.470382,25.7158,-14.5364,18.6705,-30.6023,-32.9991,37.935,-15.0757,51.8172,-47.7845,31.4199,-16.1714,-9.44057,-6.77141,-0.65081,28.1558,-10.5561,-17.3011,11.3833,16.6105,10.3698,-41.6696,-1.9075,11.891,21.1152,-23.7396,5.83152,16.674,-1.36692,-10.0947,-10.7075,-2.10079,-8.42407,36.8545,-8.5312,-16.5289,19.0515,8.1461,-45.6088,7.13152,25.9282,-4.25185,15.6515,-11.0066,-33.2527,26.8587,5.21917,-2.84768,-1.84894,-7.01269,-8.1684,27.3779,
-2.86498,30.6241,-15.071,15.673,-4.82282,-28.7344,-1.55931,14.6468,13.1901,-7.522,-0.243729,21.198,-21.6121,-7.85301,-16.5434,12.8418,16.7765,0.440691,9.95601,3.21334,-41.9811,24.7136,-17.8366,-5.04443,40.8119,-3.7196,-19.5403,-0.496365,2.34063,-1.0767,1.77383,4.61183,-23.1441,23.8445,1.58317,16.0967,-40.4416,9.18057,13.1769,0.797545,-15.9592,14.4342,-13.6024,30.1719,-15.1384,-18.7394,6.8408,17.8962,-27.386,13.9151,22.5929,-20.0226,-0.77923,-4.17803,-10.852,19.4816,7.2832,-7.42843,-18.3019,21.5564,1.05928,-15.935,0.966862,11.5305,
-13.5908,-25.5237,-25.1076,25.3713,-1.45123,37.4408,5.81962,-53.7622,10.2505,16.8981,1.77772,-20.622,0.536875,13.2479,4.60367,21.9874,-35.3787,4.18354,-1.06032,2.62274,-13.3949,9.10576,32.4406,-15.4837,-9.14211,-22.3261,22.3809,-3.68123,1.39737,7.14124,2.31094,-8.00739,-19.3445,28.5726,-16.7313,16.9017,-16.8346,26.5759,-35.627,0.0985824,43.4633,-47.5616,31.6458,-14.5103,-6.15415,14.4811,2.79352,-4.52767,-10.2604,-4.32495,9.59604,14.0362,-21.0366,2.28665,32.7641,-38.5874,5.00879,-1.27965,24.4952,-35.7373,27.4572,-5.4238,16.157,-30.4105,
-32.8653,33.8369,39.3944,-43.7792,-6.50717,3.22117,-11.6616,20.3235,-5.35628,4.30615,-9.19766,4.91748,7.49524,-0.507205,7.36839,-30.1731,-1.11932,13.9629,6.15386,3.01786,6.02672,0.40972,-12.3729,-22.8125,8.78724,34.5863,-29.7895,28.4879,-35.3409,21.4933,-9.97266,8.77403,-8.68944,29.5834,-36.8067,-3.3486,-6.92713,48.0377,-14.9731,-15.3506,6.64061,-8.5617,1.65203,10.7377,-0.827992,-16.0476,-3.28728,30.0376,-14.6509,12.784,-23.35,-4.35014,30.7165,-22.351,-12.7282,20.4779,14.8139,-13.6048,-11.7664,16.3478,-20.022,0.696038,19.7928,-10.1902,
34.2096,-11.6646,-31.9076,28.2231,-3.80149,-8.21081,13.7154,-0.52489,-4.15018,3.73567,2.98488,-7.34798,-13.5143,7.63476,-7.30118,7.96,34.1784,-5.83692,-35.2197,-0.0513563,9.42267,-2.7273,-15.5363,37.5547,-1.98715,-15.7662,0.861405,8.62424,-21.5258,19.4465,-19.8371,6.93545,24.0271,-29.6372,12.0773,11.8136,15.1171,-54.3511,16.2863,21.1495,-23.9669,24.4865,-7.17728,-8.92974,11.6899,4.22335,-12.1915,-12.3515,25.5527,-26.6844,12.0509,15.422,-13.8092,15.3626,-14.5247,-10.8817,6.01105,13.0285,-18.302,30.2908,-21.4954,-2.54379,3.0547,-3.19471,
4.38851,-8.52851,3.3508,30.3094,-17.2777,-3.25957,-20.302,23.0835,3.76525,-30.6766,14.9894,-6.60857,54.1731,-35.3886,-4.61827,-9.30968,-8.13048,2.20084,20.8829,-7.969,12.4185,-5.66774,2.60114,0.7928,-22.3668,-5.74529,19.3046,-10.961,23.8221,-4.63311,-5.14681,16.0803,-30.5196,-10.6449,23.6831,4.39221,-15.985,7.48565,22.9597,-35.4701,24.8438,8.62001,-30.3586,-22.3113,49.6732,-6.44142,-17.5016,7.78488,0.552918,16.8563,-14.0824,-6.65502,-25.4429,28.6787,19.7195,-6.31032,-17.3277,-13.8661,25.6094,-23.327,32.5123,5.78414,-43.6391,26.4378,
7.53159,-8.0117,12.3935,-62.4717,42.4646,6.91319,-8.06878,10.5422,-8.60505,13.2192,-5.26408,1.72283,-48.2628,19.4232,35.8952,1.9356,-19.4196,14.2093,-13.1907,-8.51777,9.71431,-10.9536,-4.3152,8.75292,37.0001,-41.2691,29.4279,-29.4823,9.51991,-1.02765,-6.22775,-12.1074,21.0863,22.8998,-12.496,-34.6916,48.15,-43.3144,18.9144,10.3752,-40.0456,18.8493,32.254,9.349,-56.6847,11.4376,39.7412,-32.7697,-4.29999,-2.64454,25.6412,-12.0445,14.655,-9.80843,-28.0152,25.4127,-4.15262,12.1842,6.29667,-22.7131,-15.794,7.34132,26.4222,3.36644,
-11.4157,-0.672021,-9.84092,60.6572,-43.4092,14.6053,8.1917,-34.9389,-11.5636,30.0007,-5.66471,19.3208,4.56828,-1.50073,-46.94,27.9752,5.20675,-30.8474,21.0454,38.4589,-37.7452,17.3705,-11.9279,-2.13914,-37.5501,66.7542,-18.6288,-32.96,39.3579,-30.3486,22.0054,10.6111,-7.79325,-29.824,21.9545,-10.308,-9.8414,31.8143,-12.3391,21.6573,-20.3335,-15.4965,3.52211,7.8909,3.91938,-3.73729,5.50377,-12.7551,21.8269,-14.132,-2.61584,2.83241,13.1342,-29.8333,16.4384,-3.28809,14.4835,-0.865221,-29.1185,20.1349,9.03604,6.95002,-13.9952,-31.2097,
-1.56039,28.835,11.2088,-50.7275,22.6697,-30.846,17.482,17.4998,22.9531,-19.0751,-8.59426,-23.5334,-5.33018,15.6881,42.5953,-37.7529,20.8822,-9.74785,7.05448,-42.3021,15.59,0.916186,36.8129,5.03394,-40.0963,-1.09435,-0.0189544,19.5309,22.6395,-53.5647,41.9234,-41.0536,15.7788,5.31024,12.226,3.2192,7.00551,-22.8577,-31.1004,16.035,38.5477,-13.096,-16.1099,32.5925,-43.1348,18.2824,-10.9054,32.909,-16.5969,-10.7201,-13.2214,9.44722,20.3385,1.18544,3.05691,-9.71844,-29.1131,7.51299,22.4956,13.4106,-17.1864,-17.4317,2.57444,37.5003,
-29.8039,-10.4497,-5.3121,1.9326,27.8118,-8.63562,4.14476,0.0181549,-17.5968,-13.6859,15.5925,2.98727,44.5071,-28.2547,-22.5743,-5.06061,-19.1258,43.7093,-0.828285,13.8932,-15.854,-14.4838,9.51153,-40.8128,59.9939,-2.47697,-31.7621,27.8429,-44.9427,31.9718,13.8617,-9.20966,0.775139,-1.49419,-24.3148,1.7207,9.14,29.9866,-9.71186,-14.9401,7.91903,-18.5717,17.7726,-36.7725,73.4239,-37.5758,-23.3158,13.787,-10.7379,39.1766,7.2457,-27.9486,-35.6893,30.4245,-5.01239,7.97488,22.723,-5.3519,-26.3746,-6.63955,11.6924,4.95182,10.7088,-8.27949,
56.8697,-37.755,26.0983,7.25367,-15.3746,14.3913,-6.60834,-40.6155,37.1834,10.504,-20.4793,35.6941,-49.6577,13.4932,-18.7172,40.036,31.3508,-44.3276,-20.8932,-12.0358,41.4686,16.213,-33.1456,-14.3451,46.0579,-26.6449,-2.65783,12.5344,-12.0082,16.9879,-16.6174,-34.3599,55.1321,-12.3349,16.1574,-3.48294,-45.1634,20.8044,13.6079,-16.564,15.8963,18.7941,-43.806,9.31544,12.1416,16.1911,-12.7565,-10.4718,-0.234653,-2.15899,-15.1955,46.9327,-13.0935,-15.1567,16.5681,-24.5382,4.46101,-7.34674,29.1573,-6.07281,-9.15551,9.20803,-15.3396,-12.6409,
-13.0572,26.3171,-18.4934,-4.43271,-19.291,4.36048,1.77614,21.6118,0.150397,-1.39836,1.01933,-17.3468,-20.332,28.6212,27.8415,-17.0293,-45.9436,41.5249,-26.7483,44.103,-16.0187,-17.3583,-3.37695,46.1244,-47.0512,-10.2102,22.1595,11.9905,-18.6431,23.5706,-28.2145,45.2561,-41.2844,-12.9783,6.42333,24.2353,-8.69442,8.6255,17.9841,-47.4747,-9.03169,38.4321,21.7969,-15.2925,-54.4387,5.89866,59.8014,-3.8091,-17.866,-13.7672,4.99086,-15.6657,34.7173,-4.42911,-36.6051,33.8381,1.07251,-1.66397,-14.1309,-3.90024,11.0089,-0.170731,2.62674,10.4773,
-5.82581,-5.7395,-27.1213,37.4985,-3.86191,27.6383,-37.8195,52.9983,-66.4224,2.13684,22.0292,-19.5387,45.5222,-20.5614,0.0103427,-14.0543,2.86167,-7.71289,45.6237,-31.7618,-13.9954,1.99188,0.621715,27.8966,-16.1428,7.43367,-10.3137,10.4384,-16.6789,9.72459,-34.9943,59.7438,-30.3397,14.3644,-27.9333,47.6922,-24.7707,-38.6681,19.0708,52.9552,-37.7842,-35.6004,37.7104,15.8788,-6.62084,-5.84618,-22.7345,-6.74272,33.2718,-3.42466,6.59177,-19.3135,-11.1038,15.6127,31.9669,-34.4422,-13.2766,15.9869,-2.16213,8.58092,8.94839,-26.0207,19.5585,-23.793,
-19.6097,24.8961,12.164,14.4267,-34.071,-16.7633,21.9009,-28.8883,25.38,-6.73695,29.6047,-9.30326,11.4239,-34.3429,-20.6674,17.9566,20.8336,-0.889784,-1.32281,7.98495,-31.9357,18.6384,18.3444,-24.9651,-10.935,5.29239,51.1372,-58.3288,-4.92842,55.9138,-30.5955,-5.27658,-17.1918,52.3976,-30.8159,-33.8484,45.5797,-14.0342,-11.7162,45.4166,-21.6221,-14.2507,-18.0631,0.661758,35.8441,13.8517,-36.6609,-10.0916,21.5551,-3.59078,15.8941,-11.0663,-1.23727,-21.226,-2.90036,31.9102,1.50859,-9.79079,9.95773,-10.7066,-23.8083,16.4417,6.42959,7.15424,
-13.3651,7.16139,-18.6233,-50.4672,67.6579,-29.3656,40.3762,-34.9384,42.9769,-2.57319,-52.3522,-6.26939,-4.97264,41.8537,0.575045,17.712,6.36125,-42.6688,-1.06079,-47.1412,65.8018,24.1022,-8.47718,-37.8211,-0.564028,25.6459,-18.251,-7.25146,44.5754,-38.1905,13.2941,-5.79662,-22.336,39.1821,-27.3986,5.59644,37.0328,-6.80969,-47.3047,-23.3188,53.8693,14.7553,-4.66124,-23.8489,-10.8153,7.57511,23.511,14.7051,-36.0998,-11.2868,-16.6162,46.8342,8.32415,-1.0765,-13.2958,-15.4833,8.00207,-16.657,7.6792,3.47402,34.6,-10.3552,-14.9627,-6.74961,
5.00199,-7.3053,41.3538,-11.3251,20.095,-4.33173,-48.3578,21.9606,-28.4739,29.0643,-6.84426,38.0415,-6.79247,-30.0849,31.7138,-39.2521,-23.5722,29.7368,-0.820769,64.2492,-15.2402,-62.9512,-22.5244,29.3911,44.8778,9.85619,-49.6384,-12.1883,53.7052,-66.5342,36.9311,23.7301,-23.552,-0.84508,31.2066,-63.2756,12.5088,29.0463,8.77969,-31.6488,33.7841,-9.47088,-31.7982,25.8764,13.5138,-41.6028,13.3657,8.99374,15.1434,3.08888,7.20709,-35.1613,-17.5764,17.0444,19.6612,-14.5609,17.7559,13.6587,-19.7347,1.37378,-29.9635,10.9877,-8.99234,38.4606,
21.1848,-23.4953,-5.43098,-1.50772,-50.4219,52.9946,7.47209,0.625562,7.07647,-39.7448,33.0264,8.0939,-27.3595,-1.63252,1.81535,-25.8001,49.942,27.867,-36.6794,-17.183,-4.37707,-19.1061,45.8988,19.956,-19.2417,-35.5872,-14.3414,57.2558,16.278,-66.8925,51.5372,-41.9182,45.8623,-73.8083,74.7795,-18.5697,-29.0844,37.5462,16.7204,-37.9788,-40.7251,33.063,29.5226,10.9608,-33.8489,7.36603,4.86853,-5.76863,-35.9506,55.0026,-28.8237,11.3906,8.01299,8.25518,-28.0548,25.1287,-41.4326,12.8626,13.6733,4.69019,-5.12894,25.3863,-12.8352,-17.8523,
31.8897,-27.9929,9.04636,47.9224,-33.9848,-4.37779,11.4275,6.79243,-22.4756,30.0241,-33.2533,-11.9783,-8.19585,61.6738,-28.694,57.05,-56.2148,-35.0929,30.789,-8.10513,-30.9644,76.5793,13.209,-52.083,-8.37181,-22.2346,52.4854,15.3682,-62.6907,18.7433,44.1317,-67.1078,74.6846,-89.5322,73.1893,24.5311,-69.7708,-42.6453,66.3192,55.4824,-46.5459,-24.9172,-0.667158,-10.7707,25.9526,28.4493,-19.876,-18.03,17.3982,-33.8479,27.4231,5.10434,3.21668,-27.7866,17.0551,-2.0632,18.7649,-8.39434,-13.8925,-5.95924,21.9051,-30.9351,22.4489,-8.37219,
-21.4991,21.3621,-3.68668,-11.1453,44.287,-56.5898,-12.8617,12.504,15.059,-4.04781,21.0948,4.64651,13.4864,-36.0454,-33.1192,19.9722,-0.320329,20.7563,-4.78697,11.0256,24.7369,-9.25041,-64.733,14.5126,0.596882,25.8799,34.5271,-11.6446,-79.9584,73.5097,-6.78444,-52.0629,89.95,-49.8459,-53.1148,68.5342,15.6305,-28.5385,-47.6469,28.6487,41.023,10.653,-28.5063,-15.9325,-9.98749,-4.58244,4.8283,30.6291,23.8989,-26.5317,-8.82045,-13.5152,-5.37425,23.6572,-11.0214,10.9226,-11.4651,12.7952,-9.41851,19.7454,-24.6143,13.1695,-22.956,30.62,
30.9283,-7.36066,-37.1812,-13.7282,16.7181,30.1744,34.1145,-35.6439,-4.72861,-5.97597,0.959719,-37.0981,35.2707,-15.7368,60.1226,-59.7378,37.5612,-23.9477,28.4237,-14.1474,-28.2999,-13.8141,-4.62338,36.078,41.0732,15.3427,-35.5927,-87.9001,27.443,83.6362,-6.23862,-101.048,81.6688,15.2581,-86.8283,27.3742,92.9513,-13.7163,-48.9499,-65.622,20.7415,18.0019,48.254,5.76798,-8.94299,-4.10802,-11.2338,-34.2469,-1.35186,12.3729,15.4404,14.0368,7.00713,-5.51765,-0.33469,-33.6148,19.2725,-17.4984,17.9199,-13.0362,20.5438,-0.220315,12.1179,-29.3076,
-19.3142,35.0935,7.17148,-2.08863,-2.53031,-2.25575,-37.4817,15.0511,0.155911,7.93033,11.5383,5.03953,-1.07136,-2.43804,-21.6662,29.6039,-18.0374,5.02863,-38.7904,-14.8955,63.2859,2.38097,44.0575,3.23527,-73.0403,-49.0858,-31.6913,71.6221,67.935,50.5585,-175.977,116.531,-92.5068,172.76,-128.631,-74.1963,-19.8468,113.87,37.643,31.5007,-26.138,-82.7435,-14.218,-2.23588,40.5505,-4.32743,7.16224,32.9216,-10.9392,3.37691,-20.3814,-17.9955,-5.89637,-17.622,36.4627,17.4876,-0.861695,-9.3223,14.4594,-13.2041,-15.4522,-21.5765,35.5321,-15.6457,
-81.304,47.269,0.0279405,-15.2704,-24.9619,-1.54429,25.5879,-0.106925,43.9572,-43.9882,-0.44559,3.64148,-12.3667,-7.80584,1.71099,0.848386,8.33999,15.9887,14.2807,33.2368,-32.7921,-50.521,-19.4803,-24.5309,13.7979,73.4003,34.7285,77.7103,2.02749,-222.306,-157.803,397.996,-390.441,299.693,122.164,-69.9247,-112.717,-73.8661,-12.6766,33.5897,43.0797,52.2393,1.81034,1.27307,-47.7148,-5.05966,17.8142,-36.2787,4.44808,-8.65524,26.2897,29.5443,4.39854,2.09464,-35.9878,-9.31814,2.16567,8.59159,-17.219,0.704266,40.8331,-10.1195,-0.638381,8.48052,
-207.906,-16.6145,74.4027,27.47,8.48015,17.964,-28.7792,-12.4666,-30.994,13.653,-14.9846,48.1801,-19.1804,34.785,3.24909,-9.44148,-41.0308,3.89068,-16.0463,4.99137,-35.1302,63.7276,54.2069,-23.5358,49.2352,-22.2597,-66.691,-151.048,-86.4105,54.0073,360.78,686.63,-1078.11,-158.79,168.079,199.422,98.6914,17.8656,-15.8855,-64.7546,-71.1471,16.2028,-11.1362,20.9416,12.6812,10.2364,-12.8481,48.2675,-29.5154,29.3915,-34.3242,-41.4435,-0.648012,25.2923,25.8523,-11.8917,1.8371,4.04385,6.99422,2.95869,-28.4147,29.5296,-42.8279,-58.5422,
535.367,-96.01,-103.35,-22.1408,-18.9763,-3.71098,24.5908,33.0726,-33.5041,66.9691,-0.845794,-54.1743,-18.8753,-14.8598,11.3007,-8.67915,60.7246,-12.6439,26.8488,-35.144,49.7879,-39.8908,-54.8779,-11.6753,-37.7025,-3.18952,95.4674,121.394,147.416,50.9266,-196.721,-1976.72,2684.62,-378.162,-289.094,-211.755,-69.3736,-19.7116,73.161,59.9635,26.3628,24.0377,-15.8158,-38.29,25.5348,-15.2587,-4.64658,-44.013,23.7657,-2.0891,26.768,16.1218,15.4073,-30.1524,-26.3284,32.7486,-16.0076,-6.58179,-4.50176,7.5558,-16.2161,16.4618,10.2262,147.371,
-183.255,-23.2101,24.5492,82.7895,14.9496,-17.0561,-10.9387,-18.1372,10.5795,-55.4309,-5.03476,42.1914,51.0479,5.35195,-30.2242,9.89727,-40.1165,0.124506,-19.843,5.60563,-9.48242,41.1099,7.5575,76.3635,11.7617,-54.3566,-68.6666,-115.911,-107.583,61.4829,375.906,665.738,-1084.88,-148.79,172.955,193.815,126.972,-13.1822,-33.2707,-66.6077,-3.19638,-35.4198,-11.0104,44.0459,-17.6628,20.2742,10.9596,16.8115,8.97493,-33.7979,-18.8886,20.8318,-31.556,28.9587,-15.8997,17.1138,-10.6134,25.9291,-6.27328,5.74254,10.04,-36.6159,-25.9443,-40.1959,
-136.206,90.9672,37.0749,-83.7201,-5.90514,26.3523,-25.9119,15.3905,26.0793,38.0262,-26.9605,-14.0655,-36.8435,-15.7768,18.7458,5.84289,40.9541,-12.5075,6.74519,39.6906,-29.3996,-40.1126,-42.2373,-25.8414,20.6781,59.7164,89.3413,54.6757,-43.9508,-182.759,-162.638,387.075,-376.915,295.548,146.384,-128.762,-99.8212,-29.4751,-27.1219,32.2413,47.3894,5.12573,38.1014,-1.64251,-28.1626,-22.6529,-12.8385,7.06003,-3.38521,13.2022,5.01635,-4.42642,12.7604,-4.24044,29.3106,-37.3416,11.8985,-30.4791,-3.77729,1.81089,12.0158,39.7172,21.6637,-56.2544,
-20.4638,16.2432,20.1031,-18.7209,12.0882,-27.3587,40.7161,-8.26359,-31.0869,-37.2846,55.6602,-14.3831,21.6719,26.6963,-13.5561,-5.31095,-56.0868,21.1387,5.75465,-37.9968,27.9822,47.0101,61.9127,-32.9715,-68.7668,-36.4132,-58.6442,81.0191,85.002,42.1752,-176.957,118.678,-92.8665,163.104,-125.18,-60.2932,-10.2906,82.6393,46.7936,22.8718,-35.1461,-42.945,-2.98306,-46.0447,33.0244,40.1397,-0.898941,-0.0395941,-25.0812,31.5755,-8.25427,1.81706,-26.7898,-8.67324,3.3684,-0.415955,16.4312,28.0751,13.1056,-22.6264,-26.0059,-27.6327,26.4719,-1.053,
66.6154,-29.0032,-37.1932,-5.50207,41.6056,-4.64083,7.27347,-34.9186,42.4203,-14.5039,8.75235,-13.4798,-9.80299,-20.2549,2.05895,27.4777,35.4563,-19.3657,-1.59848,4.6788,-29.055,-37.2333,0.900799,28.7384,76.4314,-2.55622,-40.7178,-84.4377,43.3831,74.467,-48.1861,-57.8994,100.888,-23.7757,-82.1041,38.0147,80.6237,0.61502,-63.9902,-25.4066,-10.4774,19.7822,25.5205,24.8539,3.4265,-33.5411,11.355,-26.8656,37.2195,-55.8748,27.4892,-20.9414,55.4984,-3.8371,-6.27075,-0.173847,-13.6603,-28.1926,-10.7416,35.4039,16.6089,-1.88698,0.79363,-12.0826,
-11.4143,16.582,-31.7462,68.9773,-55.5121,9.16007,-24.5507,28.5502,-9.41096,22.0439,-37.3172,20.5637,18.2445,-3.72131,-0.121534,-25.1128,-22.736,18.2865,16.1243,4.82661,27.205,-3.15805,-34.3678,-36.836,0.892401,74.031,4.99935,-46.6685,-44.0239,81.2118,2.64204,-71.552,68.2231,-35.1386,-34.9443,90.954,-37.1017,-31.3013,0.0176669,3.53049,8.1556,53.2432,-22.7234,-28.3804,-9.59658,0.0695766,-6.72138,18.9615,4.84548,19.7613,1.94919,-11.197,-26.6345,-9.35776,12.9334,4.50414,8.18735,6.29213,15.88,-35.9439,22.5893,-15.6468,-20.0602,46.614,
36.8498,-33.5636,37.92,-22.0102,16.0537,2.98096,1.63661,-19.7331,7.23111,-7.01785,5.34247,10.0323,-19.4697,-9.58201,53.9636,-38.5115,21.2214,6.67421,-45.7402,-10.2167,24.7796,21.5901,11.4655,17.9923,-68.696,-36.4871,79.4758,46.9797,-76.8709,-37.6364,91.5211,-73.3634,70.7831,-51.2534,-3.32716,53.3301,-37.0317,-45.9787,44.8471,26.9286,8.52374,-26.3502,-60.321,50.9504,3.80719,-5.94448,21.3662,20.4855,-59.4475,23.6499,-28.2556,16.8142,17.5525,15.0466,-34.7509,11.2732,6.92281,-1.2297,-1.191,-10.2254,-14.0879,25.482,-2.81731,-6.28564,
18.177,-4.53415,-20.1694,4.15356,-30.7975,-1.12249,26.5048,40.2518,-47.4811,25.8085,-8.44209,-15.6019,-5.15988,28.5078,-48.145,37.0091,6.66322,-10.6784,1.9972,29.209,-31.6763,-43.8857,26.8267,41.3173,4.7344,-33.7711,-27.5665,45.5249,6.46921,-53.1642,72.3136,-56.4079,18.0891,-24.2608,62.2559,-45.2733,-25.0088,41.5008,19.6391,-18.6915,-17.1156,-34.8904,39.835,8.4445,10.2552,13.8946,-28.5387,-44.8278,40.3052,1.32074,6.12387,5.14434,-9.55189,-12.521,38.3326,-20.8586,-23.7786,3.16994,-10.2334,50.6455,-15.5313,0.382785,-2.21277,-12.53,
-58.7257,22.5747,15.8585,14.7743,19.1209,13.4882,-51.6018,-12.239,6.22228,-7.87067,20.9293,14.0119,24.1001,-21.1867,-29.0139,6.42033,-1.87297,-9.36942,46.5554,-19.7673,-33.4204,47.8879,-15.3783,-24.5427,36.6813,-14.4898,-28.6193,20.3348,34.6893,-50.3829,22.2644,3.11248,0.943458,-28.1521,59.5345,-72.1802,38.1264,22.4931,-21.653,-35.0043,-9.55545,66.1526,30.2554,-33.7868,-63.1369,14.4413,-5.0772,54.848,3.99933,-30.6039,13.8251,4.6815,-34.1393,9.41743,-21.0841,37.4941,-4.65625,31.5677,-20.1924,-15.449,-17.4438,1.84671,9.3288,4.46485,
13.1273,6.62418,6.71338,-64.4313,5.97679,13.5509,19.8917,-9.19546,42.559,-19.5405,-13.7244,-22.2475,-26.6003,29.8672,32.6564,19.9711,-37.7066,-15.2837,-4.06952,12.5913,32.2674,-5.45726,-42.3747,-24.0454,51.9291,35.4101,-27.5316,-49.2523,32.6244,22.7973,-42.0682,32.9767,-11.5289,-11.4362,26.8734,-31.0124,18.8525,7.07563,-28.9271,25.923,29.3641,-50.1224,-6.06893,-25.9218,70.605,-14.0106,22.678,-34.1787,-11.3276,13.8641,-37.7838,20.1672,18.9533,30.7783,-12.9275,-26.6096,8.15922,-34.5456,33.0289,-33.7143,57.0146,-6.68886,-9.51752,-1.16489,
6.0837,-16.8014,-11.0721,47.7008,5.4856,-30.521,12.0164,-16.1814,-15.4005,17.0702,3.90835,14.1924,6.86365,-14.9569,-6.28803,-17.2251,14.1615,29.7873,-26.2731,-23.6419,24.7765,7.20369,15.9871,-9.37562,-35.6755,11.2936,24.8823,-37.4445,45.4375,-6.8853,-43.7672,35.7955,0.0814282,8.92487,-36.3523,17.1771,32.6257,-49.8801,9.69467,2.15844,32.7842,-16.1875,-25.32,27.4587,-5.47489,4.72345,-19.9877,-8.49961,7.95861,12.1144,35.5086,-25.1429,-4.11293,-31.5486,18.648,-20.8504,43.2933,-16.4108,9.02657,20.1448,-35.8863,-8.91327,8.74002,-1.56911,
14.1389,-8.53906,19.6442,-22.0299,-0.168838,1.31582,-10.2281,31.8444,-0.176866,-25.6855,-7.13965,28.0237,-0.581581,-21.9989,12.7023,-36.1166,35.8279,30.3269,-9.91681,-26.9582,-16.6051,-15.8121,58.2637,21.0982,-72.989,7.37116,48.8081,-9.22596,-41.8495,39.1918,-18.0054,18.4099,-46.1067,46.2929,-20.8274,17.3937,-16.8456,13.5624,-4.90486,11.4365,-40.6098,20.7704,7.39213,14.1188,-11.0869,-31.3655,39.182,-1.47712,-5.69111,-12.4854,11.3579,-23.5962,20.5974,-4.44133,-1.6243,37.5094,-38.8873,16.8496,-23.8754,1.19895,3.32213,7.34364,5.69052,9.25844,
-36.574,13.0584,-15.9215,10.5846,11.0989,-3.33066,5.37132,-6.78546,-32.6133,39.9706,8.81503,-43.8899,26.4796,4.80507,-3.27955,27.2491,-26.2373,-65.2208,40.6908,73.3073,-32.1514,-28.24,-26.1271,29.0341,36.2497,-29.6979,-12.8831,18.3899,-28.2323,13.1484,15.0911,22.7025,-50.5575,33.8224,-25.702,19.7623,-12.3807,-15.714,29.0643,16.8723,-42.2497,5.79364,28.8798,-0.139909,-39.1785,27.9813,-37.2581,40.4213,12.6251,-13.919,-26.3068,8.33653,21.6857,-9.15401,4.42624,-5.18544,-22.1355,15.1406,3.73668,8.85223,1.28704,10.3781,-29.9901,4.74476,
25.0069,33.7307,-23.1243,-0.531952,-13.5991,-16.3129,27.6363,-6.84096,24.5813,-20.1309,10.5493,-19.6407,-24.3045,33.1791,13.0525,-12.4886,8.84876,1.64065,-35.3725,9.44515,12.414,39.9689,-44.5222,-15.8735,20.0746,3.66585,-19.4599,46.5675,-19.0403,-10.5246,-1.11189,-36.3771,46.2004,12.6782,-31.8562,20.0387,-17.8866,18.9517,-2.45145,-30.2503,26.7156,22.5729,-47.3735,-14.6845,49.7865,9.37523,2.99987,-34.3025,-24.4077,19.4392,10.583,34.9223,-42.1429,15.8415,-8.48012,-24.9705,37.8814,5.25884,-21.3592,9.97361,-10.8449,-11.4648,34.1653,-39.742,
14.9834,-48.5884,14.8681,10.6758,2.22848,31.0841,-17.9415,-45.728,25.7239,0.486922,-18.4989,65.387,-5.91653,-40.6949,-37.6052,32.1798,6.22532,32.2614,18.3895,-94.5419,52.4478,-27.345,31.3399,6.76335,11.6982,-27.5546,-19.9328,7.83134,4.0564,18.1471,5.93109,-4.10557,-5.36375,-17.7647,-10.8148,49.4347,-33.7025,12.617,-5.92693,-23.673,38.0372,-3.71737,5.03598,-10.0807,-16.1009,-5.46086,5.55039,15.2378,3.66456,8.55891,2.6356,-31.1537,-1.52044,-0.903489,12.766,21.6458,-14.8087,-7.94896,10.1511,-16.26,1.36705,5.97928,6.31581,17.7778,
-37.9856,10.4153,18.7206,7.63234,-18.429,-8.73556,-12.7356,55.4538,-16.2339,-15.7578,-5.91002,-17.8723,14.3246,21.7806,14.7462,-15.5856,-33.5023,15.6071,-11.767,48.2696,-36.0352,24.3311,-5.06426,-46.0848,2.9698,46.7809,11.4012,-25.0114,6.23838,-14.5537,-9.56604,-8.79843,51.7791,-46.9216,55.5295,-54.9059,6.47637,21.8185,-2.91027,9.98947,-21.4864,-35.6227,42.5725,2.30033,20.6499,-24.5289,2.33791,-17.6081,34.2983,-36.0429,-0.719511,6.82315,26.5492,0.897365,-4.10578,-15.834,-10.2439,-8.90552,28.1941,-15.2781,35.2973,-15.4859,-24.646,12.1549,
37.6839,8.85151,-13.572,-32.3291,-8.49289,46.7032,-26.5689,4.75725,6.35744,-9.06237,23.7325,-22.0124,-13.1336,16.7262,9.80306,-14.4455,1.55657,12.2386,-11.3949,-2.23457,-8.76243,7.66152,21.1536,-3.18563,-14.9245,4.98505,-20.3182,15.4885,0.103782,-15.2882,38.2843,1.94495,-30.2895,-8.96629,27.9182,-29.0718,28.0786,-7.05843,-39.2225,55.2213,-6.76054,4.04305,-32.2992,27.9604,-38.8989,21.0692,8.98669,4.12028,-24.6404,39.445,-18.7414,8.56849,-23.6521,-0.276808,-9.87188,18.8602,24.2613,-17.0869,3.47444,3.86705,-34.1407,15.6306,-6.70059,15.8904,
-6.22367,-25.4511,20.9968,26.7793,15.4298,-41.1865,28.0822,-26.9888,-27.9018,49.6853,7.50078,-23.7586,18.0366,-29.1135,-1.12657,21.604,26.5823,-69.0091,34.4086,42.0891,-34.9274,-27.7242,-7.6061,55.2093,-16.9773,-15.4258,20.2922,-32.8052,42.449,-7.81142,-26.503,-10.4307,21.2829,9.2394,-3.22186,-14.77,41.382,-42.6856,28.4058,-42.6212,19.2907,4.15053,8.61229,-12.042,16.0254,4.18034,-20.4322,15.8658,-15.7392,-12.3203,5.1643,16.433,6.19147,16.1249,-30.6672,-0.277967,3.75111,1.57136,-16.0554,6.41889,23.3738,-9.35411,13.4895,-16.5091,
-29.1107,33.8357,-32.7207,-21.7758,48.4829,-43.7195,18.8868,25.0829,-4.1329,-27.2928,-23.2503,47.2947,-1.99135,-4.31792,-14.68,3.42804,0.815155,13.2476,-4.9762,-44.9538,51.0716,12.1914,-12.7328,-25.6391,12.9447,-3.59288,4.68846,6.19804,-7.14818,-13.4523,21.5845,10.6988,-17.1751,-3.36931,4.84467,-0.0531551,-17.2061,2.83619,23.6723,-1.24707,-7.31241,4.33272,-3.57959,-2.41394,-5.56575,-15.9566,14.5114,10.7946,7.77468,-1.13857,11.2347,-35.5854,-1.35024,-13.4845,47.0704,-6.84228,-26.9358,28.0549,-8.85875,4.24525,-20.4794,5.16708,7.76948,-1.57256,
13.4113,12.2024,-1.00169,-0.284865,-35.3429,39.3352,-20.9216,2.08344,16.0677,1.98664,-21.8018,11.909,-21.1048,16.1664,24.5436,-36.3546,13.6855,15.654,-19.1924,-0.922141,8.13683,-8.13557,-8.23151,28.3152,-18.5184,-13.2173,50.9651,-38.3114,-10.5741,10.8117,13.5135,-23.3454,18.6787,3.55086,-20.4873,14.102,-4.19335,7.61187,6.07074,-2.36391,-36.5065,20.3721,6.63728,-9.35714,19.758,13.483,-4.01522,-40.9335,4.44367,3.4979,7.02378,18.2765,6.48612,-20.7638,10.2465,-21.1587,11.3575,2.10232,-9.31461,13.2405,-9.81817,19.1056,-16.629,-10.4478,
-6.98771,-15.5218,15.0985,31.266,-33.0299,19.1955,-1.1341,-25.7621,-7.59138,29.1327,21.6806,-41.152,14.8376,14.8596,-23.7858,4.23507,-13.3122,19.5766,7.801,-2.58685,-15.0418,11.2134,-2.72128,-9.63991,15.2849,3.66815,-40.4905,33.9234,5.37149,9.72931,-34.732,22.9887,-24.1326,24.9149,-16.1872,24.5352,-16.0721,10.0368,-44.0533,23.5962,27.772,-0.904783,-7.46807,-8.82833,-14.1628,-1.00502,-0.629986,17.3552,28.1212,-21.9077,-6.61735,-15.3144,2.39786,14.8757,-7.10737,12.3124,-17.038,9.19565,6.60581,-9.1003,20.4268,-32.9273,2.37353,10.6461,
33.4849,-29.0621,-5.35119,-12.3853,38.2879,-34.2582,18.2105,-4.48418,35.0716,-54.4682,10.0897,14.9697,-7.47259,-11.329,23.1186,13.1965,-21.2823,-2.07055,-12.8591,7.16628,11.6656,-7.51551,21.5741,-38.2441,27.3366,8.5737,-29.5416,15.9576,-13.8134,13.2467,-4.7893,14.2936,-12.8183,5.14215,-10.6237,10.0283,-10.7849,-5.74988,30.6473,-4.49037,-7.9754,-22.813,3.35986,14.7703,9.91781,-3.5905,-1.90544,3.81567,-19.0047,-1.63659,7.08391,4.86418,13.0499,1.90942,-39.927,26.6041,24.7627,-36.7157,2.61663,1.71934,-7.27057,17.9605,17.1097,-0.480268,
-6.37221,-2.61615,21.5222,-21.7263,-15.4737,28.4164,-1.53077,-11.1967,-18.0837,26.2381,-1.51448,13.4183,1.05269,-40.2137,0.108059,32.4641,-13.3235,-4.46362,22.8417,4.97164,-29.6138,-1.78251,-0.217963,22.0762,-16.8427,4.80542,-5.53286,34.3165,-36.8404,12.1759,-19.1712,17.2857,4.00156,-3.90517,-2.60787,-5.90538,11.387,10.7013,-10.5763,-27.3545,22.4716,5.92481,-16.1712,29.326,-13.6077,-3.70389,-8.44676,-4.90393,3.30388,24.6169,-11.7974,3.76342,-14.6549,2.89147,10.3538,-16.6355,5.66539,4.4761,14.9975,-12.247,-5.39948,3.70487,-7.58454,-7.39347,
-28.525,20.1214,7.98869,13.7642,-12.192,-6.40364,-22.1237,41.9091,7.17686,-35.555,11.198,-37.9195,34.5667,43.7179,-34.2675,-9.78949,8.58191,-9.59271,-19.5814,24.7934,-4.79749,15.9487,17.2395,-33.3517,-10.5663,6.16004,24.2379,-30.7149,16.7726,-4.3563,18.5854,-12.2233,-10.0553,1.26555,13.0808,2.25565,-28.0048,11.4665,13.2069,-6.75326,9.11148,-13.3696,31.194,-42.8801,7.1924,-21.5265,42.4526,24.6684,-45.3366,11.0066,-15.4899,19.3275,-13.4549,-3.63628,26.9918,-7.20666,-15.7199,-0.889907,11.0398,-4.60563,20.8944,-31.8085,3.40234,2.8221,
12.4039,25.2534,-42.3819,-14.9297,40.6971,-3.32901,-0.522521,-15.3025,-25.1305,52.4972,-18.5172,28.5712,-43.0476,1.55534,-1.64242,-14.0016,46.745,-10.3545,13.8761,-28.6976,3.85244,-4.3627,-35.7178,51.7702,6.19632,-6.39535,-10.3738,-9.08477,14.9772,-12.678,19.8276,-32.5761,17.6409,-0.0273588,12.155,-20.8865,29.1792,-10.4367,-28.2609,28.1844,-19.7714,18.636,-21.6523,11.7396,4.7287,40.6247,-46.9015,-22.9394,21.1473,0.0399869,19.5235,-9.61238,-15.2334,15.6484,9.26844,-10.0669,-14.5184,19.8262,-27.5158,13.835,-0.709307,24.6973,-17.1708,20.0784,
14.5743,-28.0878,3.38326,26.4432,-7.66296,-37.657,20.8841,16.1263,-1.56601,-16.6529,12.006,-23.2689,16.1686,-0.589396,41.3583,-32.8003,-21.7233,12.1138,-16.2665,2.64829,44.9674,-16.675,-10.3683,15.0353,-17.5323,-25.1229,28.3201,-5.75462,18.3301,-11.3587,-14.827,15.2988,23.8275,-27.7924,-14.4307,11.8098,0.992021,-7.35917,12.018,22.4732,-25.8097,-6.80158,13.52,4.36117,-17.8646,-7.10854,15.8961,-17.0109,50.2719,-29.9845,-6.28097,-10.6916,34.2637,-8.30421,-57.0895,24.0937,34.4128,12.1485,-3.65784,-24.8948,-14.9941,10.9501,2.27939,-14.6174,
-60.8272,37.9122,1.8822,-7.18216,-22.7661,56.8135,-17.0533,-20.6184,1.51707,14.3462,-29.8005,37.7486,-5.08462,-18.6543,-6.68068,9.6568,8.08024,-0.729207,13.8352,0.637572,-40.6873,13.5232,31.3147,-57.8143,28.7795,34.2914,-3.25068,-30.7319,-0.258325,1.35285,4.93728,12.0382,-28.8205,6.29545,33.0121,-24.6443,11.3229,6.43645,-10.9501,-31.5643,20.5515,14.4006,-8.35042,3.41598,9.80235,-8.65877,-14.3649,36.182,-34.3888,-7.03743,15.697,-11.3462,18.2702,-12.7223,39.3132,-5.25824,-38.9823,-23.0058,7.95432,41.367,-7.14828,2.7033,2.82791,-4.62081,
76.4011,-38.9101,5.1941,13.8543,-30.108,-8.57292,18.0568,-13.8261,27.1631,-23.7803,27.5154,-15.8431,-5.37069,3.1997,-16.9672,45.8468,-32.5081,-9.77877,24.5338,-30.2778,26.4443,-6.8648,2.69056,21.0939,-15.8695,-25.678,-12.1244,39.0796,1.01805,-13.2162,20.8562,-37.8042,34.1262,-10.161,-4.99353,4.12112,-9.20498,-24.4301,29.1748,23.5839,1.16241,-20.6152,-7.15827,-8.99182,1.42102,7.11319,21.7721,-26.5207,5.9431,14.8322,-4.41039,15.1168,-32.3446,-8.24499,4.77874,-1.0389,41.0184,-20.1673,0.718036,3.54044,-2.49624,-31.2725,9.07869,10.2782,
-35.6693,-9.0929,8.96451,3.59558,34.8299,-22.6333,-2.45058,16.4914,-22.3689,12.172,-15.906,0.0772302,17.5934,-11.4842,24.6671,-35.7365,10.84,29.8848,-51.8096,40.8819,0.568886,-24.5985,-13.9775,34.8028,-17.4038,23.9361,-23.2463,15.3392,-12.0512,-2.15317,3.77442,5.66803,-14.9017,12.9238,-11.0862,0.547836,21.0014,11.5604,-0.495406,-58.0037,4.41479,17.7805,26.1484,-3.6593,10.858,-20.0592,-14.177,14.7471,-11.2052,8.81145,-11.7992,9.49246,9.42213,1.5008,12.7713,-24.8594,-17.9591,21.8792,9.52451,-27.3025,10.4505,11.1585,20.6635,-17.9045,
19.6756,-3.59216,34.6963,-60.4571,15.8,20.1121,-35.9356,22.1588,6.52247,-3.10942,-8.81821,12.7524,-17.2887,29.2433,-25.9998,10.98,-14.7568,-11.0043,45.1692,-18.5311,-28.0193,43.7479,0.886857,-53.9299,27.1901,8.4147,21.7939,-38.1074,-6.86336,36.5011,-30.4195,18.714,10.4113,-15.8137,-1.6424,15.1223,-33.0684,6.66146,-14.4402,56.6855,-3.8434,2.07665,-52.0949,11.9656,-2.26694,5.83835,23.1379,-8.14177,-4.20628,10.2913,-5.99705,-11.0648,-14.7444,33.0876,-27.6925,15.8697,-2.04582,16.9594,-6.48278,-26.6027,19.8899,13.1299,-36.8203,3.13566,
5.65416,12.3613,-25.0638,13.7535,-3.29497,8.73533,13.445,-34.827,10.9258,-3.4121,33.8159,-35.2371,13.316,-3.45218,-32.3576,32.5001,36.3599,-17.7928,-47.7399,29.3844,-13.0568,16.8175,-12.7761,28.5367,-0.401686,-49.7649,14.7856,32.947,-7.3737,-8.42399,-5.0398,11.33,-40.1479,41.9555,-14.4799,11.3979,6.42621,-10.2183,10.186,-25.6837,-4.40548,-12.1398,46.537,3.0819,-11.6287,-3.37317,-19.8185,17.6478,-8.53657,-15.4193,30.8049,-7.44954,3.92493,1.55498,-19.5198,22.5918,-6.02822,-24.8492,1.21441,36.7357,-9.84384,-9.26433,0.0897777,6.89937,
-30.9391,27.6841,-36.0895,38.1293,5.45507,-63.8985,53.6028,8.82399,-11.5118,-19.5937,7.72639,6.83243,-5.8719,-6.79549,56.0645,-60.7354,0.847079,-3.11927,24.2634,4.86157,3.50022,-23.6468,6.46971,-6.23344,-0.0832562,34.4471,-28.2916,-7.0257,-1.48911,13.4913,-1.38312,12.3065,-21.3944,23.4742,-17.133,-13.3416,-0.446362,25.7273,-10.4422,-3.34027,26.7764,-21.8374,-3.86982,-10.8571,1.28807,13.3116,8.75314,-23.6519,32.2759,-0.134841,-41.9816,20.2847,8.64344,-15.8817,17.9709,-13.0027,-1.38449,22.1568,-7.27035,-3.30508,-28.0708,13.6609,15.8969,12.6929,
