-36.8317,8.05844,-33.8918,8.91746,5.33968,39.0163,21.8548,-34.9173,-25.2391,-7.60342,46.5415,5.04539,-74.9773,27.22,24.8047,27.4285,-0.889603,-39.2561,-3.73244,17.355,-45.0041,39.2824,18.2341,11.4676,-30.0579,-5.30212,-0.900994,-4.51474,1.12792,30.1013,-7.34191,-10.6352,-15.5774,22.916,-17.2411,26.8529,-44.7817,14.4517,22.6,21.4138,-23.0821,-18.0171,-12.6776,9.51333,21.1608,-4.74343,-11.4984,20.2506,-2.03048,5.59867,-39.9019,28.5632,-39.3653,45.9881,6.64703,-17.8136,-6.18887,9.98904,-9.62407,15.4568,3.14041,-18.3955,-12.482,-12.1342,
36.6862,9.59292,6.87645,-17.003,26.2691,-23.9153,-25.7535,18.6628,-23.201,26.063,-2.05292,14.032,35.5834,-18.2804,-52.5613,-26.7443,46.5839,5.28226,-0.408714,17.7362,13.133,-28.7316,-2.33352,-37.6768,25.4336,20.9916,5.65157,-16.7318,10.2112,-0.933222,-6.29752,-28.5265,50.2777,-33.7259,8.05945,2.92762,11.0931,8.96862,-35.0758,-1.61667,23.4162,-22.1936,37.7238,-18.3868,7.94545,-11.6914,-30.2759,31.3073,17.6336,-40.0215,41.3295,-16.601,8.26965,-35.4976,19.0894,10.7576,15.8266,-38.3392,26.3889,-31.3341,15.1303,23.8548,-11.9847,11.0548,
-4.55633,-50.2697,8.62966,43.7547,-38.9591,5.8055,-4.46395,37.625,2.61868,-1.46432,-18.5673,-40.6348,-6.47398,35.4546,27.3879,13.5117,-34.6188,10.0841,-10.5275,-14.1545,0.0628132,6.61868,3.61912,13.7755,18.4551,-24.0362,-8.25186,-2.77992,-0.162692,-5.5898,18.3262,9.30972,-19.8683,20.9482,-26.7544,12.2158,-3.44758,-5.7873,5.92211,21.242,-21.2409,3.94893,-5.24507,0.938627,-12.748,20.4371,15.2887,-25.1712,7.23904,-2.04119,-5.32516,-14.9082,34.7497,-2.92314,-11.9405,-8.97132,0.529519,10.4576,13.7196,-7.64527,-16.4908,-2.70404,3.69346,13.7222,
4.65424,35.9069,-6.29829,-19.5104,-10.9405,36.1188,-4.82329,-47.8261,19.9737,-7.78847,13.0793,33.035,-2.21989,-23.4169,-17.4311,5.87865,14.5157,-27.6545,13.2887,22.3793,0.441813,5.81121,-37.8347,41.0417,-55.0947,28.0819,-5.01338,22.8001,-2.26809,-16.9169,5.97055,15.5988,-30.5815,5.24345,19.1379,-20.9381,16.5603,-10.4838,30.8692,-43.6527,14.5631,2.91415,7.28091,-6.63097,-7.63518,4.74894,21.3193,-25.0352,-10.9567,20.2379,1.87527,12.7398,-26.9516,-4.28958,28.4122,-24.4412,18.3544,-6.4238,-19.7856,5.18071,42.2431,-17.2358,-28.5948,17.7593,
-8.58198,-2.67945,-8.26087,-3.49657,37.5398,-28.6126,-9.35537,29.0516,-6.56123,-3.83543,-2.1613,-1.46183,-12.7837,10.4911,7.61812,-16.9511,10.9685,28.6397,-22.724,-3.46497,-22.9013,11.3502,22.984,-28.3137,34.0114,-26.1295,17.8619,-13.4661,15,-9.79277,-27.9167,21.6571,6.20091,5.63029,6.16569,-21.0741,18.9392,-12.7245,-23.9923,32.0399,-5.06461,1.85209,-2.75149,-4.26107,17.2501,-16.2212,-18.5002,26.7447,-2.60697,6.57852,-4.84493,-24.4092,23.8332,-3.14706,-17.4055,48.6549,-48.1983,9.49765,21.0823,-2.04394,-47.0096,25.7411,23.1822,-6.8607,
-10.9098,6.03817,24.2329,-42.1642,14.5396,-9.73637,35.1542,-19.7752,-3.69618,-7.15661,7.01499,-1.72876,8.84461,-12.0086,14.9745,9.11599,-35.6872,15.8729,3.68118,-8.979,6.6555,5.04934,1.74654,-2.48312,-0.687615,-9.68718,18.6998,-22.5463,-26.0019,51.131,20.971,-36.5618,0.493585,-18.1023,22.2728,4.8305,-31.7556,29.2337,2.68265,-1.35683,-3.75103,6.80009,-39.0589,34.732,-4.72779,-2.65365,6.35748,-6.51476,13.1232,-12.1833,-23.7999,33.6673,2.67585,-7.74791,-3.92899,-23.5719,29.9802,9.64722,-29.5106,10.3573,10.4369,-0.593643,7.93455,-44.299,
21.1955,-17.4735,13.4066,20.1345,1.1076,-30.2916,-12.4539,18.4405,-4.83691,23.2143,-11.5362,0.27039,-6.15461,-0.0122749,-4.96383,13.736,3.3374,-39.7208,47.198,-35.1797,54.2839,-35.3683,-19.2322,8.70949,2.19952,24.1412,-27.2605,19.088,8.60988,-23.0603,-14.9548,15.8919,20.3168,-12.2648,-20.9122,23.6222,3.15037,-2.94704,-4.32723,-9.57439,-5.00667,3.6165,18.336,2.60184,-6.53472,-3.86314,-15.0638,22.5113,-19.5937,-1.65886,32.284,-10.3637,-37.0649,43.7586,-12.0979,-7.25038,5.89639,-15.5171,12.8116,1.59341,21.8966,-46.2093,11.3937,17.5413,
31.4108,-39.4282,-26.6979,30.7266,-30.4542,45.3055,1.82682,-13.1338,-8.06417,12.9671,-9.96888,-30.67,49.1607,-20.2377,8.9642,-25.6691,31.4032,6.44083,-35.656,31.639,-32.0367,1.71464,38.8571,-27.032,4.62349,-2.06039,-1.64892,3.63643,4.7589,-1.07091,-12.7973,-8.41408,22.2193,17.0051,-24.7638,-7.21699,15.8373,-16.5704,1.32785,6.5585,15.8702,-1.68456,7.20559,-44.0426,0.24425,22.5134,27.6471,-27.238,-4.08106,21.7953,-16.9719,-12.1475,22.9473,-30.6886,18.1193,18.7352,-13.714,3.13027,0.356103,-13.0415,-15.5336,35.0089,-3.49404,-5.21288,
-45.7223,57.7098,1.26066,-9.43533,-1.95272,-5.85601,0.415372,-23.0856,42.512,-57.2696,42.6404,13.1771,-13.3939,9.2463,-18.7736,-25.5342,38.4005,-3.19492,1.35456,-8.36145,-14.9798,9.01397,17.255,12.5616,-12.1865,-23.8884,-3.67497,7.47111,20.3775,-26.3195,46.1741,-11.212,-35.7936,-10.0367,29.8747,18.4776,-38.1018,14.3136,20.8416,-9.12706,-26.175,2.4051,1.52104,31.7194,-4.59837,2.86103,-43.8197,22.0143,13.378,-27.0307,10.0221,32.899,-25.2107,11.0736,-9.61494,-12.0627,3.12292,0.901302,0.0621939,19.0503,2.05027,-7.15321,-20.0948,24.0498,
-23.6724,17.4653,-12.2153,0.757632,-11.0875,14.3628,-18.2943,39.4343,-22.626,20.5108,-8.45962,-3.73824,-51.4196,26.375,24.0021,47.7842,-69.391,-4.12609,-1.02818,45.4779,-2.7565,0.925809,-53.5026,0.0811262,7.17743,42.6479,20.0058,-21.8665,-39.4491,16.466,-10.6339,23.6218,-16.0789,24.2981,-9.27586,-29.2832,43.9218,-21.8222,-4.10187,-13.1968,46.9753,-34.9022,4.87811,-9.05127,15.9827,-19.5322,22.812,-8.66046,10.1207,4.44428,-21.9078,-17.5662,23.8421,4.42873,-0.552071,-6.8132,8.81246,12.6886,-10.4628,-20.5269,-4.00477,8.89289,5.66065,9.34677,
34.8303,-27.0778,6.84747,-13.6362,44.3927,-13.7001,-4.71112,-18.9027,2.43571,-6.74689,-11.5892,35.2086,18.2795,-11.1833,-22.168,-5.32531,-7.62826,46.5017,-20.689,-35.7277,13.8378,13.3161,13.2828,19.0799,-18.2901,-23.7083,-10.9885,5.15067,17.3822,17.021,-14.9971,-11.3923,15.7158,5.48963,-19.4026,12.982,-20.0455,20.5502,-32.335,53.4785,-44.9514,19.3465,20.3693,-18.2715,-13.7827,-0.3127,21.3213,-24.285,-3.10446,23.8364,9.37892,-11.3644,0.151536,-22.7562,13.7857,21.8261,-31.7556,-5.69354,17.8515,8.50977,8.89484,-4.58745,-4.87724,-29.7418,
-6.23752,-4.32829,19.4008,5.17657,-40.6646,-12.8536,25.3123,20.0425,-20.9684,55.1463,-48.0235,-10.0782,1.5866,14.5627,-26.3287,11.0533,24.2247,-20.7646,37.5807,-26.6497,-15.6934,12.3266,-6.14222,-11.9628,34.6524,-28.9028,-0.314077,18.3253,17.9987,-10.2333,-21.8425,-12.8012,33.4726,-42.1163,33.4759,-3.79656,0.297669,17.268,6.28857,-40.0265,0.263593,30.2867,-44.6067,20.0261,18.3971,7.05281,-14.6355,25.5909,-30.5885,-24.6279,26.0652,-12.4733,28.6484,-0.414398,-13.9161,-18.5074,37.5808,-11.9232,-6.80197,-4.4404,-11.2765,14.8683,-6.41536,12.2985,
6.1847,-1.35597,-40.3435,19.2553,38.8813,-2.98347,-1.6577,-9.31728,-33.925,-1.956,20.7121,13.2663,4.9564,-23.487,45.5724,-34.6861,5.45229,-15.7588,-25.3265,37.9207,20.5685,-20.437,-3.71344,2.69045,-13.9134,26.1351,15.5213,-28.1518,-31.0995,-0.314735,26.739,38.7155,-33.5144,12.7886,-6.00463,-8.81638,-2.22989,-22.4325,7.19377,17.9323,24.8246,-17.9409,5.66781,-4.64293,-4.52438,-23.4976,5.84184,-6.80814,40.4501,-2.6976,-13.276,21.8609,-47.6335,14.9614,-0.205709,20.7438,-15.1707,-3.73357,6.12825,9.78205,-9.26574,-6.81386,20.478,-0.572187,
-6.05789,10.5371,38.409,-28.887,-22.6477,-0.686497,-3.31506,-12.5374,77.4807,-41.5688,21.0414,-30.1691,-19.4826,21.7405,-19.1233,28.9645,0.905908,-17.3629,26.4694,-19.8822,8.19335,-20.3914,22.7561,0.0603935,-36.6709,34.9683,-26.0317,25.379,8.74892,1.54879,-3.50999,-21.5543,-13.0231,8.32054,3.70813,8.88256,13.3362,-6.19275,29.0541,-40.8344,-8.90496,-13.4892,16.1989,23.8541,-17.6509,27.1938,-24.6616,14.247,-17.3942,6.43303,-15.1485,3.11489,11.0874,7.06426,10.1761,-22.3264,4.81484,-0.251093,-9.34205,9.15334,24.5959,-33.8346,-10.0262,14.1034,
-17.9492,-2.63809,6.4633,0.861059,-6.15933,37.8126,-17.7516,0.106126,-11.3235,-45.958,48.4006,-11.2988,37.8761,-17.8615,-5.58693,-10.585,-8.93332,25.8653,-17.165,17.7163,-33.9508,19.4928,5.22179,-2.6077,30.6054,-26.5029,-22.3137,13.8503,1.02138,6.36569,-11.1121,-3.73407,20.2878,14.5131,-16.2047,-0.900338,-12.7354,-7.97163,-18.5587,41.0453,13.8765,-8.44114,2.40325,-29.1286,-5.65999,25.204,4.40983,-13.7527,-7.11008,4.30569,14.1705,-4.07361,9.16046,-8.16443,-6.04611,-19.5739,2.43958,46.2697,-10.4526,-38.4004,-1.63187,36.5537,16.521,-37.058,
66.7286,-30.4515,-20.6095,10.6014,-6.91953,-11.4491,21.6696,-5.79808,-16.647,75.337,-64.8004,-14.5878,33.0899,-26.2484,22.3075,-16.735,13.1667,-1.05877,12.2458,-28.7238,22.5022,2.00145,-13.6014,-7.1662,3.91506,-15.2629,61.6493,-48.4862,15.8458,-19.5637,17.1081,-2.08539,4.381,-2.64335,-32.9139,26.4386,-2.17478,29.416,-5.67105,-22.7643,-25.2918,29.7912,2.64937,-1.18419,16.2685,-50.2384,38.3542,-7.97275,5.82771,11.332,-7.70255,-17.0937,-5.65084,-8.46272,19.1406,36.275,-5.43426,-61.0626,25.8701,24.138,-4.43146,-28.5398,3.36325,16.8761,
-45.7639,1.676,29.4924,3.72558,24.569,-28.7383,-17.3935,21.4128,-6.37788,-38.6135,42.9159,41.7413,-66.9444,6.2809,25.0585,-3.05627,-1.12661,-6.72536,-28.0544,34.2973,-7.65284,19.5839,-21.652,2.27157,2.45285,2.67154,-18.7003,27.5576,-26.5467,27.5346,-14.4199,5.24154,-12.3491,-16.1364,55.6069,-32.4578,4.2015,-5.90294,-9.014,12.3765,5.64814,-5.48122,-12.0723,3.70996,21.7984,7.94011,-28.3114,-4.19432,9.42706,-10.8117,-10.5655,38.7506,5.05838,-1.61652,-33.648,0.372096,2.99622,15.5432,-10.2054,8.93133,0.730929,8.92709,-26.0766,3.63864,
-28.7374,55.3294,-43.8864,-24.6159,24.1345,-17.1324,18.7935,5.69282,3.74733,26.9741,-63.7017,9.27028,-2.4414,53.0763,-38.9984,9.94285,-20.541,17.8639,11.3256,-8.66874,5.90126,-44.6147,42.5627,-14.5075,18.4741,2.19315,-23.481,-2.01175,29.2014,-38.7416,23.8091,-8.11755,12.7878,9.90906,-22.0826,-5.88004,14.6841,-21.034,7.4438,17.4891,17.0615,-23.6217,-7.72828,14.2212,-36.4379,24.2805,-9.26889,39.5809,-13.9566,-13.394,11.5827,-30.1314,5.59459,13.1845,6.39216,8.74273,-32.7914,35.9316,-10.1444,-20.2667,-4.31655,33.3114,-14.2373,11.5002,
16.216,-7.83726,5.47815,19.9339,-35.9755,37.0173,-1.52739,-15.367,-36.5129,12.6346,48.1546,-21.544,26.2021,-32.1153,-30.8618,25.0424,25.1797,-22.575,12.3883,-9.3521,-1.13182,4.51059,-6.96293,27.0991,-28.4477,-13.8572,26.8941,-5.72171,1.2723,1.84338,12.2942,-19.7456,5.70885,-36.3633,36.7713,12.8347,-13.3219,6.2901,20.0368,-44.9587,-12.3755,16.5714,20.1087,8.36815,-0.197875,-13.1054,0.372785,-19.0707,-5.33217,26.3153,9.76928,-1.36269,-24.8688,10.641,8.69771,-28.417,41.6081,-31.2897,14.0204,11.4402,-24.8543,-20.2974,53.0653,-19.4149,
16.2559,-25.9119,18.036,15.4332,-31.4272,20.6358,-14.7278,-12.7968,65.6239,-36.1615,-28.1423,18.3487,-16.1303,8.17134,32.582,-1.62418,-29.9057,5.30015,-1.96108,-5.80635,-0.211693,39.3227,-16.2957,-27.7666,-0.269276,24.1904,-1.50909,10.3105,-28.3037,20.0305,-43.81,43.5421,-14.2167,50.5937,-42.6453,-21.8643,4.44147,27.9918,-39.1552,41.58,-4.74314,7.0246,-7.70368,-41.4512,23.498,11.0208,8.71487,-9.59358,10.0047,-19.8698,-5.8858,16.5537,8.89427,-10.004,-4.56408,9.82779,-11.5176,-1.45973,-7.74868,13.53,29.5684,-10.5669,-45.1616,19.8874,
12.0272,-8.09071,-38.7713,17.6257,28.3492,-20.1075,-11.3461,14.2695,-14.9739,10.1905,23.7219,-28.0645,1.1648,14.0129,-5.7332,-23.2022,9.87835,17.8046,4.97226,-10.6816,8.14827,-16.9561,-22.3418,32.329,7.16967,14.5153,-30.3036,-18.6291,8.31136,30.7726,-1.07257,-0.585403,-13.7551,-28.1131,7.20252,50.8879,-28.736,-1.86235,5.20061,-1.6324,-7.8495,-1.57702,-4.10554,28.2647,-15.7319,-16.4736,19.5095,1.06425,-6.85286,5.98564,0.295441,-26.6193,33.9728,-30.2786,27.5553,-13.5852,13.8802,-0.654282,-7.19431,-16.896,8.10957,1.91171,8.0417,-8.66664,
-39.2413,13.3112,61.5676,-42.815,-6.37666,-11.1358,34.8582,0.22989,-22.7075,0.986468,-16.9612,30.7547,12.0129,-26.2441,-16.2132,38.2903,3.2816,-35.8666,1.31205,34.1597,-34.7038,7.67951,20.1549,17.3234,-46.2902,-4.17353,8.6258,30.4533,-2.46995,-9.54929,-12.3439,-21.7275,18.5653,34.828,-18.7832,-9.87081,12.8343,-27.03,25.6231,-28.1893,31.3813,-11.5406,-6.15464,8.26174,18.4955,-12.2955,-21.6702,-15.1491,33.5949,0.184058,-0.728349,7.44727,-18.9553,23.4065,-33.2178,19.3751,-17.8073,11.1715,19.3217,-9.86004,-13.2719,5.20438,12.4527,10.2543,
33.7894,-17.0282,-10.0769,-18.8566,25.417,13.1407,-13.3569,-3.25211,-13.7657,13.1835,28.9405,-33.4209,0.641834,-22.0172,79.5377,-84.2226,27.9651,25.2198,-35.4112,9.24691,22.4058,-6.07112,-21.6879,-21.1205,55.5971,-20.2559,-0.663177,5.32635,-6.91476,-39.0902,42.7171,17.0867,0.686367,-38.4296,16.445,-25.3976,32.4008,-14.4851,18.9464,5.37604,-21.5068,-7.45906,27.0801,-20.6912,-22.9635,19.7212,23.9995,14.4489,-24.7024,-11.9512,-21.7505,37.1824,-13.6924,2.53896,8.71615,3.29394,-10.1352,2.37327,-6.19797,-0.0370936,6.54813,-1.24843,-2.55384,-22.5629,
-21.119,20.3132,-9.00901,5.40207,27.2258,-42.502,-24.3134,36.2799,35.4418,-37.2173,-3.85784,-13.7409,28.5575,22.4189,-68.2301,41.3619,-2.8871,4.93607,11.173,-30.1767,1.41636,-15.9998,69.3887,-39.6968,-9.71464,-4.58465,22.4961,-22.4965,9.41846,12.0375,5.52209,-17.5506,-26.252,27.0604,17.2398,-12.7248,-3.89247,24.3388,-45.4513,7.4936,11.7013,15.3479,-10.3867,-14.3065,32.1913,-7.16549,-23.2785,-2.93475,-2.33813,7.46107,40.2833,-20.3974,-28.7084,14.7281,11.0248,-19.2887,19.136,-14.6308,-13.7255,41.4655,-16.4277,-12.2463,16.4072,-15.8775,
8.64325,12.8512,-37.8295,37.0407,-45.3993,45.1251,29.8915,-58.8028,-5.31292,36.4757,-31.9152,43.8643,-48.6907,15.0082,14.9637,26.9033,-54.9267,-7.76314,35.973,-14.5402,35.997,-16.9815,-37.7436,6.70284,23.348,8.46181,-7.35635,-17.4312,15.4662,0.469063,-3.79592,-25.2321,41.9932,-15.9456,-5.23642,23.6447,-38.1321,-2.32407,31.3146,2.67509,-10.1469,-1.82864,-22.4566,42.3655,-37.8809,21.0753,-17.9445,20.4756,-3.19779,21.9586,-36.9349,-23.7914,56.9008,-16.3912,-18.7692,13.8481,-8.50894,23.1648,4.93431,-40.7375,6.91818,23.8089,-20.935,27.6939,
25.8813,-37.0577,32.2628,3.28891,-17.2627,1.06309,-8.60816,19.592,-19.6146,3.15651,15.9169,-1.21308,-0.431245,-6.24378,-13.9217,-0.97856,25.8271,-0.228046,-14.6978,17.2741,-46.8818,34.9371,1.77994,13.3431,-7.05464,-24.4557,6.45753,-0.35391,17.0458,0.646871,-35.804,57.2986,-31.1511,2.6062,-15.9425,-18.5299,53.207,7.70428,-32.3011,-8.36798,1.4429,7.55677,14.4761,-13.9436,2.33617,-5.39617,10.4075,17.8323,-36.8898,-11.2625,26.0956,14.5903,-9.19695,-13.4834,11.2262,-3.16916,11.8744,-33.8856,15.2943,7.38221,6.27791,-5.14855,-5.0398,10.2157,
-16.2515,4.55581,13.6832,-14.7215,-6.70816,-15.3675,31.5815,-6.83552,28.1831,-27.6441,-11.4901,-12.2294,34.4413,-14.6516,-1.90174,-0.885842,21.2428,-12.5466,-10.8552,7.75244,-3.38134,7.51554,-10.3659,10.2713,-26.4339,35.3165,-7.84243,4.22186,-6.24661,-16.7313,13.6479,-18.5429,29.2145,-23.8845,31.3057,17.1102,-62.1077,-1.29317,24.6961,17.5685,-1.05413,-15.3413,-6.46223,11.6285,0.622374,-12.7639,17.8218,-45.0751,63.6738,-15.0143,-11.899,-5.82845,-6.51117,12.7894,-1.61932,4.17312,-13.1212,14.9696,0.930663,-7.71692,19.4614,-32.7997,3.89577,-0.566583,
-43.9388,37.9525,-37.3032,4.57872,55.4538,-5.27809,-53.9638,20.8751,-23.3331,15.4078,20.3817,3.84197,-35.2282,36.6653,6.29107,-23.262,-26.6912,20.9715,-6.08196,15.2671,19.8847,-13.4245,-26.5667,33.6147,-14.9854,-26.6708,16.1545,42.5693,-66.9591,30.5819,40.6021,-33.1001,-21.3989,19.4062,-29.3749,24.5164,21.796,-3.81426,-23.6803,3.83204,-3.01288,6.05719,15.5267,-41.7254,37.5852,0.285391,0.399087,-17.396,-6.87627,8.70676,-0.573446,22.7753,-22.5636,11.7072,-12.1203,4.86763,-4.62009,16.9869,-21.2358,16.6687,-38.4333,44.2951,4.36915,-11.6215,
37.7207,-34.43,30.587,-29.4425,-14.8159,16.6557,10.8253,-7.40884,13.3499,8.23325,-4.84154,-31.681,21.9874,-30.2919,24.4457,-11.7613,35.5513,-6.88514,12.3515,-38.981,-6.38815,-4.23276,34.7389,-27.1344,10.3144,57.4864,-57.6383,-22.694,25.7112,25.1237,-41.5233,-9.13411,44.819,-4.88823,7.10887,-39.5234,13.6155,-2.84404,29.1906,-28.5675,1.09612,10.3219,-1.88879,17.2751,-27.0038,-5.89791,0.847795,30.2619,-7.833,-4.158,-0.60661,-23.7098,15.7136,0.425977,18.6996,-17.2156,6.43822,-5.46052,-11.9396,16.2861,5.59559,-2.81181,-11.0345,-4.57203,
-5.6378,30.2702,-10.4207,21.1863,-24.605,2.70535,0.490755,21.9508,-27.7286,-23.6042,8.37473,39.752,-1.0379,-0.939695,-26.1746,25.8824,-16.6768,-23.2768,-1.63332,29.6889,6.98233,17,-21.4272,-12.1164,10.5663,-40.3148,38.4741,1.3145,7.39879,-17.5691,-1.318,33.423,-33.0867,7.42157,-21.8528,27.5609,-5.96783,9.07127,-21.702,17.0946,8.29305,-14.5471,-13.793,12.475,14.0472,-14.1987,4.59683,11.2046,-22.7586,-11.8696,19.2768,26.6092,-8.99689,-23.8601,-1.67546,4.90967,4.31529,-8.91135,33.4361,-22.7519,5.96094,-32.0051,25.0349,6.87755,
-1.08702,-13.9685,-15.4206,12.0753,-1.41485,-1.6021,17.6621,-33.6165,38.6767,1.79178,-16.0162,-5.20615,-6.51685,-2.48688,9.64973,7.29152,-26.9192,40.1066,13.4422,-30.0234,-9.2341,-23.4623,32.8378,-3.11382,12.1855,-7.42899,-12.9298,-1.05303,58.741,-48.0904,-38.2859,53.1656,-61.1244,64.6061,13.6218,-34.8282,6.35556,-11.3403,1.38135,3.46371,-0.164484,6.07988,1.10979,-1.4594,-17.1665,36.0564,-24.1497,-16.2554,13.6171,39.1375,-36.027,-21.5624,19.6893,6.73321,1.66136,-0.115923,2.56139,-2.39524,-7.05273,-18.683,14.5898,28.1886,-18.7231,-1.52763,
-19.7874,-8.61245,14.2295,4.4694,34.3901,-32.5693,-13.7854,11.8651,-30.9514,52.0346,-20.4805,-10.348,7.2044,8.28503,4.96368,-13.4436,20.6969,-29.3815,-20.6878,29.7387,13.435,-2.092,-6.51121,-1.87429,-7.78409,9.94961,24.3476,-17.8331,-76.0835,21.6239,68.0127,90.7989,-130.967,-20.1042,9.87815,29.3541,-2.58625,-2.06775,25.6183,-23.8998,2.34844,-13.8393,18.4621,-5.58002,-2.74483,-2.04127,0.210066,3.53681,15.6752,-28.1484,18.0934,-5.89974,-1.03092,1.11312,8.66505,-11.078,3.83404,-14.3743,-0.470483,31.6605,8.59225,-38.7091,10.5659,-22.507,
66.9531,-20.3588,31.2478,-48.2115,-26.4013,24.2121,34.0659,-15.1228,20.8621,-55.8176,40.8764,-6.12887,-6.45105,-0.265335,-0.517538,-14.1276,11.861,20.4768,-6.29826,-0.900907,-14.4949,5.71631,-7.99827,7.91035,3.1075,-20.7273,4.60322,11.4802,39.6602,29.9098,-23.2234,-312.797,394.98,-109.962,-9.92197,9.66296,-10.2589,-18.378,-9.7327,26.0959,-11.1481,21.3138,-11.6229,-8.82004,5.43552,-3.78471,15.9871,-0.572227,-24.6917,1.08858,16.6275,3.11358,-8.0902,21.4218,-54.5306,40.9307,-16.0464,32.7832,-3.08832,-31.8083,-25.2903,39.057,-1.87844,38.0856,
-39.6572,28.6123,-46.6697,32.1267,32.1938,-14.7997,-22.1852,5.0319,-4.25191,1.46694,-4.71316,1.769,26.0309,2.19839,-41.2088,38.1919,-20.847,0.986347,-5.66818,-0.437241,3.87261,16.572,-7.93184,-0.171587,-1.721,13.6043,-11.9251,-18.1199,-8.46375,-14.4024,38.0819,119.9,-162.613,23.3442,30.194,-51.3777,27.9811,37.4247,-3.84674,-25.1306,6.22731,-16.9085,3.25582,21.7523,6.42111,-25.8288,-6.207,19.3772,-3.26973,5.75309,-10.5791,6.44412,-2.10256,-17.825,42.9439,-31.6157,10.4071,-22.8209,3.31134,31.7256,-5.92475,-3.81792,-6.64533,-19.5945,
-12.408,-6.85363,33.2188,-5.49106,-30.6291,12.4519,-10.175,10.5321,8.73653,19.8271,-12.2423,3.13412,-49.0302,-4.12613,64.7149,-21.8888,-3.37462,-9.96489,28.6639,-14.6834,-12.5944,2.7218,-4.31332,5.57421,-2.67502,5.30642,3.39579,24.7303,-21.307,-21.1723,-14.6902,68.8796,-76.1307,36.1641,0.64966,36.3802,-32.8048,-14.5424,-12.464,17.2178,14.9348,13.9883,-24.8206,-6.27494,-11.2228,26.0569,9.29116,-26.6036,16.6347,2.51746,-13.6805,4.75096,-10.5682,2.54608,14.969,9.10926,-19.1383,8.94658,-13.8277,6.4718,8.87175,-9.44036,-8.60982,7.00175,
3.64136,10.0501,-31.1677,25.9581,-26.7115,41.5931,-25.0988,11.2548,-14.3619,-19.8766,3.88403,10.9891,40.5996,0.25896,-36.7877,-13.7407,14.5992,-10.4249,11.4307,-1.21844,24.72,-24.8267,7.71939,4.93326,-4.11662,-15.5578,-9.15096,1.81901,49.8274,-12.0909,-31.0869,3.30846,-5.12861,42.4096,-39.3558,-1.88459,6.25716,26.7727,-28.0591,22.0094,-23.6049,-15.449,34.3539,-10.7977,23.3504,-17.5297,-18.3166,2.04904,14.7517,-13.0395,10.1048,1.95733,18.8795,-9.99447,-23.587,-13.4542,21.7697,17.8954,-0.490325,-27.2253,14.084,-5.2854,19.7427,-7.37899,
4.96477,-22.3999,4.0776,2.45941,24.0843,-38.9873,30.4267,-8.76199,-7.20681,30.9029,-16.4505,7.89375,-47.7817,19.0071,0.263197,16.7427,33.0627,-22.0865,-18.1008,-15.2933,16.6263,-2.75586,7.3104,-5.19644,-7.65559,41.6819,-17.8753,-15.3823,-33.9126,47.9926,-26.932,34.3654,-0.971392,-33.4793,11.6022,18.1472,-21.4381,-23.3316,56.4663,-17.4236,-21.9636,30.1806,-15.0555,-5.09977,-20.5772,18.9011,15.7393,7.43312,-16.9798,1.37227,-9.67502,8.22288,-17.8204,15.1081,4.75176,10.5191,-7.00334,-13.4058,11.1647,-10.9324,-0.0395022,17.6119,-23.7824,18.3265,
-18.468,42.1856,23.9488,-58.621,30.8898,-22.3282,6.43729,5.3281,-0.976072,-12.2277,7.20158,-10.5713,45.4695,-22.2967,9.67422,-33.0355,-17.7261,26.6796,10.3627,23.0917,-41.8279,25.2089,-2.58592,-17.2688,10.1203,-23.5887,17.6024,25.4704,-18.3285,-2.94239,26.7442,-60.9095,20.5256,34.0553,-14.4086,-27.2013,45.4733,-8.01655,-34.7359,3.47319,24.0297,-10.7083,-1.14654,14.5453,-5.17126,-4.04562,-2.18961,-11.5381,-0.676561,17.1186,14.807,-34.5865,22.0034,-6.04298,4.55493,-7.39307,6.25863,-25.4534,14.3235,25.774,-8.26231,-26.4873,29.8161,-22.4811,
-8.70963,-10.7805,-21.7139,32.0321,-11.1273,10.5131,16.733,-35.1089,19.4383,-7.45328,23.9177,-27.0889,-5.65992,-13.5506,17.9372,51.9041,-58.2583,30.9079,-36.0585,18.989,4.45528,-12.6111,-8.4076,28.7322,-6.79744,5.42775,-2.02321,-34.2266,20.2087,5.96951,5.01568,-3.69542,8.62834,-15.7692,-5.67928,12.3904,-1.37254,-11.815,28.7726,-23.5696,17.9469,-16.1806,-12.1698,19.6129,8.80122,-18.5156,-0.102728,15.961,-8.93647,-1.15557,-6.77649,19.5922,-13.2429,-0.131711,-15.1821,23.4553,-8.01164,12.9696,-16.0457,17.0059,-29.0642,15.6709,-1.12595,-5.69433,
41.0801,-18.4321,-11.9092,18.5428,-3.21387,6.75221,-41.6617,34.8221,-8.35761,14.1585,-18.2315,-13.1681,27.6173,29.6274,-49.6324,-6.79899,19.8646,3.20805,-9.76034,8.00521,-9.46978,18.2221,-0.690021,-14.3134,7.22618,-28.7554,11.7224,51.4193,-31.1473,-23.3958,19.1791,-24.4798,51.6307,-49.5272,32.645,-6.34137,-14.5771,6.22125,-0.609194,-3.86614,15.4462,-12.3389,28.4628,-49.2069,22.2167,-2.97734,9.28999,9.82276,-13.979,-9.56848,2.95127,7.78744,-2.85833,7.55677,3.86261,-27.0842,27.0906,-1.5481,-15.3002,-14.2604,21.2459,26.1694,-38.5435,23.8816,
22.026,-35.6852,46.4099,-12.3052,-45.7412,30.8442,19.4554,-9.99655,8.35584,-41.5494,2.56323,86.7041,-60.9245,-35.802,31.169,-8.95844,33.6118,-23.3277,29.1966,-51.9597,40.6766,-29.3743,9.95216,-3.88749,4.42971,30.6062,-15.0882,-49.4354,57.8174,-32.7096,3.39733,42.577,-50.0311,7.01537,11.8915,-0.974643,-2.20535,4.09066,-6.23658,19.0245,-26.0728,-6.70047,12.4774,23.784,-27.4988,30.6829,-34.1487,-17.9881,39.5351,3.31232,-8.29412,-15.1627,12.8627,-15.5939,27.6364,-2.089,-51.6761,40.235,27.2253,-36.8753,20.5407,-30.5577,22.3336,-8.65818,
-23.0409,25.5928,-11.9949,-7.34131,43.1315,-32.4636,0.326252,-6.96595,-6.06859,47.6734,-22.2078,-45.3257,-2.83762,65.7546,3.96271,-15.1649,-16.7046,-45.4664,29.3003,37.9459,-16.6498,-4.81813,2.5516,0.843274,7.20014,-33.9738,27.6223,-13.2378,2.48496,19.7914,4.35611,-29.9026,0.583327,3.63942,22.9645,-8.52264,-25.8223,34.3604,-14.5164,-18.8101,6.14043,47.3541,-38.0538,-7.57088,5.75189,-3.77778,16.7009,-8.3471,16.1077,-39.846,25.2868,4.87939,-3.40956,0.961664,-30.3509,31.6361,23.0488,-31.2315,-20.5812,22.5068,9.12746,-13.7151,11.3823,-6.86227,
-32.9493,19.3668,-26.5495,8.17268,2.91766,-11.9797,6.51667,18.546,-21.8711,-0.399217,20.769,-13.0161,34.2617,-45.7635,-10.2852,-9.44031,27.0409,48.0406,-14.223,-46.3156,-11.4472,41.1167,-6.69923,-17.3456,6.42283,9.28905,-5.72516,22.6518,-22.2791,11.4068,-46.4805,23.65,27.1474,32.2563,-71.4342,7.07931,23.8681,-14.0747,0.133338,45.9575,-40.5537,-16.2059,4.92475,26.8236,-15.0976,-4.69911,20.6377,5.01847,-60.9087,62.9445,-24.7262,8.74439,-19.8815,20.0402,9.23631,-20.2094,5.12559,-17.0753,25.55,10.5409,-23.4222,-5.00137,3.40301,17.7403,
16.2536,2.13635,13.6965,-19.3982,8.70506,29.6101,-26.3669,-19.2529,40.2245,-50.6142,37.4817,-24.4692,22.3915,-7.91395,3.93405,15.5853,-12.0914,-21.3207,-11.2274,34.8862,7.94601,-28.9863,3.25984,32.4683,-39.3393,34.9629,-27.9163,13.4855,-39.3392,34.3323,23.6456,7.5824,-53.1133,2.80254,7.46671,17.8075,22.8592,-17.9492,-27.0355,-13.4467,30.0101,14.8945,-6.28144,-14.1816,22.9251,-24.2325,-19.6985,15.3174,40.1754,-29.6833,-3.22344,-6.2885,29.5156,-29.8951,6.8955,-6.09881,11.2016,15.2112,-18.0271,-9.25392,-11.1756,50.678,-15.2408,-31.7359,
-21.9334,19.6198,-1.0617,-0.754539,-30.0822,-0.837011,17.4102,19.0493,-27.0433,39.2098,-45.1721,29.5024,-25.937,8.59269,11.294,0.405121,-12.2557,1.03673,-4.37233,4.40594,23.7531,-11.0595,-6.54506,-13.6682,5.85303,3.25388,-8.95954,8.22355,40.2503,-31.2266,-22.5606,4.41645,8.95253,4.43332,14.2858,-2.21637,-28.8413,-11.4233,39.9516,4.4881,1.06164,-32.3003,0.71164,9.97205,-6.44968,17.177,9.61035,-5.0648,-25.0004,1.21188,15.1776,0.843344,-21.142,32.4187,-6.03093,-13.6765,0.80885,0.819923,-6.47949,26.0021,-8.31753,-30.9263,12.0038,17.1579,
37.4652,-62.969,3.67837,50.0611,2.32186,-28.8182,21.1521,-27.269,13.2716,-3.99201,-5.22457,24.0805,-9.33268,-8.83968,-11.7337,12.587,-4.1008,24.7616,-1.30851,1.73609,-52.3533,16.2399,-1.20982,30.9384,25.9458,-53.7084,32.0726,-13.4336,-22.3153,-14.8208,58.4975,-32.275,32.5992,-27.3799,9.76981,-28.063,13.4736,13.4156,14.9078,-26.8331,-15.2635,15.2548,30.1836,-26.2527,2.75783,-0.394654,0.510587,-17.598,6.47493,32.033,-18.8544,-3.75216,9.89278,-21.4645,-10.6706,45.87,-23.9715,6.1444,-8.05934,-8.83821,17.231,12.185,-29.0095,10.6283,
-23.9731,59.5291,-39.8447,-22.0804,23.5369,18.518,-45.6843,40.2445,-27.35,16.6989,-1.75986,-14.8138,12.2885,14.533,-2.15658,-9.47668,-18.474,14.0385,-16.9866,4.51535,20.3089,27.4869,-1.40996,-45.7066,-27.1541,38.5001,0.864492,-15.1585,38.7986,13.4829,-52.656,17.5984,-17.6899,5.70097,11.1923,10.828,-7.45324,10.6174,-17.57,-28.5078,48.9395,-14.8199,3.33696,-5.77426,-4.38638,4.6974,-20.2887,36.9034,4.21957,-31.6129,-2.87968,14.3607,-13.9345,32.5509,-6.32048,-20.1898,-4.33451,3.48188,25.4992,-29.8805,15.9187,-3.41365,1.88423,10.0801,
11.7184,-13.8187,35.2272,-11.9768,-34.8059,9.96045,39.2677,-34.4513,21.128,-1.9757,4.49636,-12.0773,-32.435,30.5722,-3.18425,3.4803,21.2516,-24.1522,23.5412,-26.0488,13.5339,-30.7425,6.35384,6.56951,32.2607,-0.933332,-17.4899,10.0563,-30.2562,-13.4548,30.9493,8.60039,4.60507,-1.6583,-29.4375,25.7898,-13.3393,-7.19371,6.60939,30.0204,-23.5145,7.06847,-36.0917,25.1068,4.62693,6.4981,14.5392,-33.5299,8.55567,-29.3194,47.5445,4.13592,-6.89769,-49.8256,41.5584,-8.21057,12.4156,-4.12843,-1.08804,0.71733,-13.05,-12.8448,35.9503,-21.2998,
11.9535,-33.0897,34.6506,-16.98,18.4634,-16.6417,13.7737,-10.5721,0.854128,-42.0072,36.9614,6.66384,42.7107,-43.3955,-9.36713,-5.89674,17.6201,-23.569,24.6116,-7.82147,10.2188,-7.40024,-4.03131,20.6018,-8.79882,-17.2149,-13.9009,18.4818,-9.57702,54.4282,-32.5528,-22.805,9.79067,-4.13732,23.0207,-26.5203,32.775,-21.853,-15.1386,16.0068,1.05834,1.00128,9.91844,-6.38437,3.28076,-20.8065,-1.04407,2.80537,17.7183,28.598,-34.6086,-45.0293,49.199,28.8987,-42.1985,3.56195,11.6433,-23.3691,4.05965,23.3645,-2.087,4.9471,-10.484,-22.934,
21.2068,-14.5859,-35.9335,18.4476,31.414,8.57871,-76.9059,40.3726,21.6629,20.3859,-24.9027,-20.6749,-8.68989,2.97716,21.7256,8.18757,-7.01164,12.0995,-50.5889,52.2494,-19.7202,-7.47536,30.2011,-31.531,-20.9851,18.8046,39.4325,-17.8655,14.5587,-47.197,8.47343,15.1704,-5.39441,13.6356,-7.95064,1.8255,-33.903,51.3575,0.166744,-13.1446,-25.007,1.69131,9.50638,23.2311,-28.8722,15.3387,5.63138,6.14079,-33.2562,15.9172,-0.913102,18.7201,-21.438,-22.2653,44.0999,-17.818,7.70151,16.4276,-32.6551,0.898161,7.96199,-9.48871,-1.40483,39.5322,
-44.8478,46.9585,21.3946,-31.1984,-28.0925,0.166748,57.8139,-10.0846,-29.8238,-10.9146,2.54552,19.0335,-1.04306,14.6898,-5.57988,-11.8364,-23.5954,25.0387,21.932,-27.9912,-15.4569,24.2865,-17.742,19.5403,35.8533,-40.6884,-6.71553,-14.2555,13.1373,-10.8082,26.6988,10.7184,-5.46221,-18.0203,-3.27846,5.62976,17.3788,-28.2134,-18.2286,41.313,-0.662461,0.424108,7.91258,-41.7847,33.5282,-21.3328,17.2832,-5.98506,-4.10076,-7.20244,6.50915,23.0615,-10.8409,9.85759,-24.6861,-3.31135,-9.69749,10.1698,27.2653,-7.03464,-4.42818,1.22645,-6.824,-17.7096,
-22.5592,0.909875,-26.373,51.2981,-7.00144,-16.6522,2.74191,-14.8155,-4.6273,34.2664,-11.5437,22.8147,-32.7974,-5.37995,12.564,-26.396,45.4328,-31.795,23.7091,-22.1819,25.7454,6.48604,-30.999,2.96579,-26.5665,35.1808,0.392122,3.18709,2.82853,8.05846,2.87982,-36.8865,-13.3194,18.2262,17.0682,0.428994,14.4382,-22.6782,23.443,-43.2817,17.613,15.4732,-17.1989,3.19065,-12.5786,36.706,-29.5804,10.8776,21.1852,-23.2718,1.00082,-10.2179,-14.443,21.0377,-12.4793,51.6055,-16.3765,-14.3106,-15.0092,-7.60686,-9.62095,41.3766,-3.91333,-6.0128,
35.2753,10.8627,-20.2619,-7.43883,-5.23041,26.9134,-4.76718,-14.7435,19.5635,-4.33737,-6.71382,-42.6877,61.2553,-29.6429,2.28791,49.0111,-48.0738,17.8149,-31.2519,13.1324,-1.34358,10.2433,-13.2622,28.5605,-4.8926,-1.32048,-20.3926,18.7398,-23.2649,-2.92963,2.61899,7.67211,32.3666,9.54847,-29.5813,-19.9395,-22.5949,35.4351,15.1691,-8.86561,-2.57206,-9.84919,-9.30637,37.0609,9.50057,-36.3833,-6.93751,-1.76569,-4.79208,37.147,-18.8934,6.02317,11.8826,1.09804,-15.1556,-17.5859,-16.4168,16.7142,27.1715,15.5415,-1.09111,-45.2551,3.59422,20.5441,
21.1646,-26.3083,13.6455,-15.4291,17.2359,-22.7527,-0.701676,41.0069,-31.1524,-20.3667,29.9504,18.1201,-34.7748,37.9724,-42.276,-8.93361,25.4821,-7.42609,15.6166,4.91381,4.47752,-50.7414,54.2772,-25.7896,-14.421,24.2627,-18.272,1.59794,22.3134,24.492,-51.8597,30.2345,-23.4034,-18.8333,9.17513,30.4891,11.5961,-22.0678,-8.70113,14.796,-7.54821,-2.63788,10.1939,-25.9093,-3.31971,30.2279,-4.82408,20.4281,-18.5789,-11.293,7.52491,-11.2852,-4.56425,-1.695,25.2318,-16.9381,41.7981,-14.1453,-29.8522,-22.4668,21.6764,16.0383,6.88793,-15.635,
-40.0396,-2.98201,23.3599,18.5588,-5.41397,10.146,-28.4807,-28.2657,48.0564,14.0174,-35.9179,2.28267,-2.31427,3.86313,27.1281,-10.1192,-21.6529,12.2339,-2.91311,2.94921,-17.8862,24.4659,5.06481,-37.8844,43.1001,-27.7719,31.2452,-14.8756,-19.128,-6.35001,11.021,19.0486,-9.15666,-5.40284,11.9278,5.74451,-11.1003,-8.46456,-15.0766,0.769378,23.8833,9.35637,-5.37557,15.4853,-38.5435,-6.20124,36.9102,-18.292,0.658073,-18.3136,9.39684,31.1079,4.68232,-33.0454,7.95378,3.47013,-27.2606,16.7678,0.29559,29.0697,-23.0188,9.28843,-22.1047,19.3126,
0.678441,9.48247,0.20328,-34.3802,-10.9603,9.90038,30.6319,16.3037,-29.0469,-27.6769,32.2865,13.0863,-20.7635,-7.42555,5.21846,-4.60597,17.4549,9.38405,-29.1401,13.0708,-4.54322,2.25669,-8.20721,28.5116,-14.2373,-23.4421,8.38931,24.9233,-23.6412,4.60154,24.5881,-29.6672,16.0098,-8.88843,9.32896,-31.7417,0.111381,33.8082,22.9669,-14.8524,-11.7676,-44.9274,33.2917,-10.0297,43.947,-19.2686,-8.89679,-32.0628,42.5837,7.27721,3.82304,-45.9692,12.2866,3.60123,22.2709,-31.2736,38.3102,-22.7871,9.65407,-12.7358,12.8745,-17.6069,6.55126,-9.19859,
34.1772,-9.49851,-11.553,16.1735,24.283,-15.1174,-6.89979,-12.2883,-9.26009,24.1531,1.6699,-23.1609,31.3796,-0.943756,-29.2443,20.5324,9.72761,-42.9564,29.3766,-13.204,34.6848,-6.74879,-31.1519,5.00605,2.59474,25.3031,-17.4883,-17.5165,23.3364,10.1599,-6.00996,-41.0871,11.476,44.7671,-25.1477,5.11494,6.6621,-9.71034,-29.2896,17.109,10.197,19.6105,-13.2293,-10.9817,-7.10883,16.0463,-8.5098,17.0137,-22.1251,7.71723,-1.22668,-8.28322,9.56502,26.5272,-43.3223,41.6896,-31.5853,-0.581012,-1.46506,12.3539,-20.0667,17.5923,35.1194,-26.4965,
-0.774133,2.60125,28.6792,-29.0742,-5.93561,-0.19371,0.254205,-0.641948,30.584,3.04624,-46.3656,26.0002,-1.59541,-26.7576,43.9341,-18.0811,-28.5896,45.9913,-0.602894,-6.81726,-38.0838,19.857,-1.75323,25.494,-17.6442,2.62726,2.28437,-3.55077,4.12369,-26.3741,11.6066,32.6167,-8.92686,-22.7352,-4.63664,18.6045,-2.07914,-4.68867,1.70303,7.54179,-26.1407,33.5744,-3.55178,-27.4476,26.3065,-26.9412,18.7639,7.81948,-5.80751,-12.4505,-4.95235,40.3042,-23.5376,-8.79331,-3.94001,-2.7804,3.16141,17.3669,24.2125,-46.5283,32.5976,-27.6833,-21.2879,20.5844,
3.63135,-15.6309,-48.8167,53.7868,-8.50698,18.0556,-20.9002,6.89003,-14.661,-7.23147,40.9978,-32.0515,-11.6296,38.9935,-11.3912,-15.1216,22.6711,-29.4037,6.89433,-1.58922,3.49486,20.0481,7.96081,-32.0301,5.75096,-6.88728,5.7248,-3.84736,30.0478,-28.3835,1.82049,22.5774,-14.848,-18.2993,7.0167,6.99641,16.4384,-28.0695,26.2021,-9.89449,3.93909,-16.9925,-22.3097,60.3002,-30.7929,19.0174,-38.2331,32.5615,-11.957,-2.75845,14.4012,-20.601,6.50523,-8.43693,28.3088,-2.76593,-5.13994,-17.9548,-15.111,24.4166,2.39575,13.2478,-9.69192,2.26713,
-45.257,29.3075,17.7984,0.264452,-16.0732,-27.9464,33.6288,14.6106,-33.1627,5.1356,3.47313,8.42124,21.2459,-28.9269,-21.9322,28.1671,-9.06801,13.5771,0.132296,-8.94888,24.264,-47.2668,18.994,0.283218,2.6614,8.43634,11.8043,-20.5921,-5.14814,17.5586,-11.3022,-19.1988,7.33253,24.9316,27.9616,-46.6296,-15.0695,26.0773,-4.12367,-7.3524,12.587,-4.24185,8.02267,-2.75739,-27.0836,27.9644,8.99062,-32.5311,13.4483,14.9099,-22.8638,20.0939,-10.424,9.07925,-10.2242,-10.1775,9.92091,18.7176,-21.1245,17.3271,-22.781,5.63814,1.87211,5.60701,
-5.48543,24.1292,-1.29283,-50.9902,25.0473,20.9485,-2.15672,-36.3542,46.8176,-14.2205,-10.6641,8.70195,-20.3685,11.3943,7.52466,-1.05399,19.3364,-23.9328,-22.2976,32.8163,-4.92957,-4.12675,-7.337,12.312,21.3637,-31.7801,-16.1203,31.5439,-21.0297,18.4477,-3.60762,7.582,3.06386,-28.7442,-4.50708,31.4606,-11.3515,7.12585,-16.0917,21.5693,-32.9929,35.454,-7.08389,-22.202,20.5281,-16.7829,14.1081,-6.32286,-1.15697,14.2077,-1.44965,-14.4828,-0.0715609,0.8162,3.86973,1.11561,2.71135,-1.63617,-5.61979,11.8922,-8.63873,3.19929,0.0449251,-12.5623,
32.4881,-45.6931,16.7156,33.0187,2.4156,-24.2933,-11.8792,14.7566,-2.97875,5.5918,-5.99558,-11.9916,24.5217,-8.91409,15.0316,-13.2836,-22.4143,15.8486,9.95461,-9.73955,-2.24013,13.5555,10.1671,-12.5883,-50.2549,60.2476,-7.36806,1.14143,-25.4645,24.5786,-1.97024,-19.1775,15.3849,4.77608,-12.5429,-5.71583,14.9125,6.25001,-0.182507,-29.92,47.3812,-54.978,18.5205,10.143,12.9436,-10.994,-7.63936,21.3948,-14.1917,-21.4551,0.80767,10.9362,23.0393,3.6236,-18.4099,2.8592,-22.7046,9.1798,27.4807,-26.5241,1.97601,-1.64233,24.0587,-4.90978,
19.9621,9.42288,-33.2931,-2.32383,-1.642,20.864,-2.53815,-2.25278,-8.68263,3.89915,10.5579,13.8658,-36.0779,8.70724,6.16718,-17.7491,2.8785,39.3433,-2.97755,-20.6494,-11.3524,-2.35536,4.89892,-6.17789,42.9319,-31.6305,-3.50353,9.00745,7.21082,-18.3197,3.24934,-7.79369,10.9444,17.209,-16.5991,9.92686,2.91293,-32.9137,3.74178,16.5066,2.18245,13.324,6.59798,-26.682,-2.87211,-1.6907,7.07515,-20.4572,31.241,7.58665,12.4264,-21.5521,-25.9664,-1.75545,5.21034,23.7437,17.2456,-27.0238,-1.04235,-4.25339,21.7361,-1.5536,-39.1924,14.9981,
-9.713,3.29703,29.5814,-3.72404,-31.3886,18.135,-11.1395,26.5258,-17.2688,-1.26168,-28.8468,31.0011,-5.25401,24.277,-28.4503,27.5117,-3.14172,-44.0228,7.10422,14.1142,2.42039,32.7223,-34.7939,24.2538,-19.4,-18.1396,11.0747,9.48702,-4.89761,5.61446,-8.83144,46.2992,-56.9563,16.6185,-11.3227,2.99086,0.219341,14.1208,15.6707,2.69244,-36.5867,-5.60642,-5.7342,29.9186,4.25521,-10.2841,19.6696,-0.481491,-32.4593,-8.83666,-3.18612,38.5695,0.981412,-13.9384,20.4066,-33.9055,15.8684,-4.45124,-11.8431,19.3431,-17.526,11.2995,11.7415,9.42149,
